Experiment ,Time,Model,Total forcing response,Temperature response 
CO2 emissions impulse ,2010,Hector v2.0,0,0
CO2 emissions impulse ,2011,Hector v2.0,0,0
CO2 emissions impulse ,2012,Hector v2.0,0,0
CO2 emissions impulse ,2013,Hector v2.0,0,0
CO2 emissions impulse ,2014,Hector v2.0,0,0
CO2 emissions impulse ,2015,Hector v2.0,0,0
CO2 emissions impulse ,2016,Hector v2.0,0.028655,0.00248
CO2 emissions impulse ,2017,Hector v2.0,0.0546434,0.00681
CO2 emissions impulse ,2018,Hector v2.0,0.0518068,0.00995
CO2 emissions impulse ,2019,Hector v2.0,0.0498476,0.01204
CO2 emissions impulse ,2020,Hector v2.0,0.0483009,0.01353
CO2 emissions impulse ,2021,Hector v2.0,0.0469607,0.01463
CO2 emissions impulse ,2022,Hector v2.0,0.0457369,0.01545
CO2 emissions impulse ,2023,Hector v2.0,0.0445891,0.01608
CO2 emissions impulse ,2024,Hector v2.0,0.0434992,0.01656
CO2 emissions impulse ,2025,Hector v2.0,0.0424586,0.01692
CO2 emissions impulse ,2026,Hector v2.0,0.0414619,0.0172
CO2 emissions impulse ,2027,Hector v2.0,0.0405064,0.0174
CO2 emissions impulse ,2028,Hector v2.0,0.0395897,0.01755
CO2 emissions impulse ,2029,Hector v2.0,0.0387099,0.01764
CO2 emissions impulse ,2030,Hector v2.0,0.0378652,0.0177
CO2 emissions impulse ,2031,Hector v2.0,0.0370543,0.01773
CO2 emissions impulse ,2032,Hector v2.0,0.0362763,0.01773
CO2 emissions impulse ,2033,Hector v2.0,0.0355308,0.0177
CO2 emissions impulse ,2034,Hector v2.0,0.0349484,0.01768
CO2 emissions impulse ,2035,Hector v2.0,0.0343025,0.01764
CO2 emissions impulse ,2036,Hector v2.0,0.0336513,0.01758
CO2 emissions impulse ,2037,Hector v2.0,0.0329636,0.01751
CO2 emissions impulse ,2038,Hector v2.0,0.032329,0.01742
CO2 emissions impulse ,2039,Hector v2.0,0.0317297,0.01733
CO2 emissions impulse ,2040,Hector v2.0,0.0311582,0.01723
CO2 emissions impulse ,2041,Hector v2.0,0.0306107,0.01712
CO2 emissions impulse ,2042,Hector v2.0,0.030086,0.01701
CO2 emissions impulse ,2043,Hector v2.0,0.0295826,0.0169
CO2 emissions impulse ,2044,Hector v2.0,0.0290996,0.01678
CO2 emissions impulse ,2045,Hector v2.0,0.0286361,0.01668
CO2 emissions impulse ,2046,Hector v2.0,0.0281913,0.01656
CO2 emissions impulse ,2047,Hector v2.0,0.0277645,0.01644
CO2 emissions impulse ,2048,Hector v2.0,0.0273548,0.01632
CO2 emissions impulse ,2049,Hector v2.0,0.0269613,0.01621
CO2 emissions impulse ,2050,Hector v2.0,0.0265834,0.01609
CO2 emissions impulse ,2051,Hector v2.0,0.0262205,0.01598
CO2 emissions impulse ,2052,Hector v2.0,0.0258727,0.01586
CO2 emissions impulse ,2053,Hector v2.0,0.0255402,0.01575
CO2 emissions impulse ,2054,Hector v2.0,0.0253637,0.01566
CO2 emissions impulse ,2055,Hector v2.0,0.0249587,0.01555
CO2 emissions impulse ,2056,Hector v2.0,0.0246196,0.01545
CO2 emissions impulse ,2057,Hector v2.0,0.0242526,0.01533
CO2 emissions impulse ,2058,Hector v2.0,0.0239705,0.01522
CO2 emissions impulse ,2059,Hector v2.0,0.0237229,0.01512
CO2 emissions impulse ,2060,Hector v2.0,0.0234941,0.01501
CO2 emissions impulse ,2061,Hector v2.0,0.0232781,0.01492
CO2 emissions impulse ,2062,Hector v2.0,0.0230737,0.01483
CO2 emissions impulse ,2063,Hector v2.0,0.0228802,0.01474
CO2 emissions impulse ,2064,Hector v2.0,0.0226971,0.01466
CO2 emissions impulse ,2065,Hector v2.0,0.0225237,0.01459
CO2 emissions impulse ,2066,Hector v2.0,0.0223594,0.01451
CO2 emissions impulse ,2067,Hector v2.0,0.0222039,0.01443
CO2 emissions impulse ,2068,Hector v2.0,0.0220569,0.01437
CO2 emissions impulse ,2069,Hector v2.0,0.0219177,0.01429
CO2 emissions impulse ,2070,Hector v2.0,0.0217861,0.01423
CO2 emissions impulse ,2071,Hector v2.0,0.0216619,0.01418
CO2 emissions impulse ,2072,Hector v2.0,0.0215452,0.01412
CO2 emissions impulse ,2073,Hector v2.0,0.0214365,0.01406
CO2 emissions impulse ,2074,Hector v2.0,0.0213351,0.01401
CO2 emissions impulse ,2075,Hector v2.0,0.0211301,0.01395
CO2 emissions impulse ,2076,Hector v2.0,0.0210571,0.01389
CO2 emissions impulse ,2077,Hector v2.0,0.0210794,0.01385
CO2 emissions impulse ,2078,Hector v2.0,0.0209662,0.01381
CO2 emissions impulse ,2079,Hector v2.0,0.0209132,0.01377
CO2 emissions impulse ,2080,Hector v2.0,0.0208506,0.01374
CO2 emissions impulse ,2081,Hector v2.0,0.0207897,0.0137
CO2 emissions impulse ,2082,Hector v2.0,0.0207371,0.01367
CO2 emissions impulse ,2083,Hector v2.0,0.0206815,0.01364
CO2 emissions impulse ,2084,Hector v2.0,0.020627,0.01361
CO2 emissions impulse ,2085,Hector v2.0,0.020573,0.01359
CO2 emissions impulse ,2086,Hector v2.0,0.0205192,0.01356
CO2 emissions impulse ,2087,Hector v2.0,0.020466,0.01353
CO2 emissions impulse ,2088,Hector v2.0,0.0204133,0.0135
CO2 emissions impulse ,2089,Hector v2.0,0.0203609,0.01348
CO2 emissions impulse ,2090,Hector v2.0,0.0203091,0.01345
CO2 emissions impulse ,2091,Hector v2.0,0.0202577,0.01343
CO2 emissions impulse ,2092,Hector v2.0,0.0202069,0.01341
CO2 emissions impulse ,2093,Hector v2.0,0.0201565,0.01339
CO2 emissions impulse ,2094,Hector v2.0,0.0201067,0.01336
CO2 emissions impulse ,2095,Hector v2.0,0.0197876,0.01332
CO2 emissions impulse ,2096,Hector v2.0,0.0197477,0.01328
CO2 emissions impulse ,2097,Hector v2.0,0.0200018,0.01327
CO2 emissions impulse ,2098,Hector v2.0,0.0198625,0.01326
CO2 emissions impulse ,2099,Hector v2.0,0.0197157,0.01323
CO2 emissions impulse ,2100,Hector v2.0,0.0197592,0.0132
CO2 emissions impulse ,2101,Hector v2.0,0.0197722,0.01319
CO2 emissions impulse ,2102,Hector v2.0,0.0196584,0.01317
CO2 emissions impulse ,2103,Hector v2.0,0.0195822,0.01316
CO2 emissions impulse ,2104,Hector v2.0,0.019596,0.01314
CO2 emissions impulse ,2105,Hector v2.0,0.0195796,0.01312
CO2 emissions impulse ,2106,Hector v2.0,0.0195058,0.0131
CO2 emissions impulse ,2107,Hector v2.0,0.0194623,0.01308
CO2 emissions impulse ,2108,Hector v2.0,0.0194603,0.01307
CO2 emissions impulse ,2109,Hector v2.0,0.0194365,0.01306
CO2 emissions impulse ,2110,Hector v2.0,0.0193889,0.01304
CO2 emissions impulse ,2111,Hector v2.0,0.0193621,0.01303
CO2 emissions impulse ,2112,Hector v2.0,0.0193531,0.01301
CO2 emissions impulse ,2113,Hector v2.0,0.0193303,0.013
CO2 emissions impulse ,2114,Hector v2.0,0.0192985,0.01299
CO2 emissions impulse ,2115,Hector v2.0,0.0192793,0.01298
CO2 emissions impulse ,2116,Hector v2.0,0.0192673,0.01297
CO2 emissions impulse ,2117,Hector v2.0,0.0192477,0.01297
CO2 emissions impulse ,2118,Hector v2.0,0.0192256,0.01296
CO2 emissions impulse ,2119,Hector v2.0,0.019211,0.01294
CO2 emissions impulse ,2120,Hector v2.0,0.0191993,0.01294
CO2 emissions impulse ,2121,Hector v2.0,0.0191838,0.01293
CO2 emissions impulse ,2122,Hector v2.0,0.0191679,0.01293
CO2 emissions impulse ,2123,Hector v2.0,0.0191556,0.01291
CO2 emissions impulse ,2124,Hector v2.0,0.0191438,0.01291
CO2 emissions impulse ,2125,Hector v2.0,0.0191298,0.0129
CO2 emissions impulse ,2126,Hector v2.0,0.0191161,0.0129
CO2 emissions impulse ,2127,Hector v2.0,0.0191042,0.0129
CO2 emissions impulse ,2128,Hector v2.0,0.0190924,0.0129
CO2 emissions impulse ,2129,Hector v2.0,0.0190796,0.01288
CO2 emissions impulse ,2130,Hector v2.0,0.0190673,0.01288
CO2 emissions impulse ,2131,Hector v2.0,0.019056,0.01288
CO2 emissions impulse ,2132,Hector v2.0,0.0190447,0.01288
CO2 emissions impulse ,2133,Hector v2.0,0.0190329,0.01287
CO2 emissions impulse ,2134,Hector v2.0,0.0190215,0.01287
CO2 emissions impulse ,2135,Hector v2.0,0.0190105,0.01287
CO2 emissions impulse ,2136,Hector v2.0,0.0189995,0.01287
CO2 emissions impulse ,2137,Hector v2.0,0.0189885,0.01286
CO2 emissions impulse ,2138,Hector v2.0,0.0189776,0.01286
CO2 emissions impulse ,2139,Hector v2.0,0.0189671,0.01285
CO2 emissions impulse ,2140,Hector v2.0,0.0189567,0.01285
CO2 emissions impulse ,2141,Hector v2.0,0.0189463,0.01285
CO2 emissions impulse ,2142,Hector v2.0,0.0189361,0.01285
CO2 emissions impulse ,2143,Hector v2.0,0.0189262,0.01285
CO2 emissions impulse ,2144,Hector v2.0,0.0189165,0.01284
CO2 emissions impulse ,2145,Hector v2.0,0.0189068,0.01284
CO2 emissions impulse ,2146,Hector v2.0,0.0188974,0.01284
CO2 emissions impulse ,2147,Hector v2.0,0.0188882,0.01283
CO2 emissions impulse ,2148,Hector v2.0,0.0188791,0.01284
CO2 emissions impulse ,2149,Hector v2.0,0.0188702,0.01283
CO2 emissions impulse ,2150,Hector v2.0,0.018861,0.01284
CO2 emissions impulse ,2151,Hector v2.0,0.0188512,0.01283
CO2 emissions impulse ,2152,Hector v2.0,0.0188411,0.01283
CO2 emissions impulse ,2153,Hector v2.0,0.0188309,0.01282
CO2 emissions impulse ,2154,Hector v2.0,0.0188205,0.01283
CO2 emissions impulse ,2155,Hector v2.0,0.0188101,0.01282
CO2 emissions impulse ,2156,Hector v2.0,0.0187996,0.01282
CO2 emissions impulse ,2157,Hector v2.0,0.0187892,0.01282
CO2 emissions impulse ,2158,Hector v2.0,0.0187788,0.01282
CO2 emissions impulse ,2159,Hector v2.0,0.0187685,0.01282
CO2 emissions impulse ,2160,Hector v2.0,0.0187581,0.01281
CO2 emissions impulse ,2161,Hector v2.0,0.0187479,0.01281
CO2 emissions impulse ,2162,Hector v2.0,0.0187377,0.01281
CO2 emissions impulse ,2163,Hector v2.0,0.0187276,0.01281
CO2 emissions impulse ,2164,Hector v2.0,0.0187177,0.01281
CO2 emissions impulse ,2165,Hector v2.0,0.0187079,0.01281
CO2 emissions impulse ,2166,Hector v2.0,0.018698,0.01281
CO2 emissions impulse ,2167,Hector v2.0,0.0186884,0.0128
CO2 emissions impulse ,2168,Hector v2.0,0.0186787,0.0128
CO2 emissions impulse ,2169,Hector v2.0,0.0186692,0.0128
CO2 emissions impulse ,2170,Hector v2.0,0.0186598,0.0128
CO2 emissions impulse ,2171,Hector v2.0,0.0186503,0.0128
CO2 emissions impulse ,2172,Hector v2.0,0.0186411,0.0128
CO2 emissions impulse ,2173,Hector v2.0,0.0186319,0.0128
CO2 emissions impulse ,2174,Hector v2.0,0.0186227,0.01279
CO2 emissions impulse ,2175,Hector v2.0,0.0186138,0.01279
CO2 emissions impulse ,2176,Hector v2.0,0.0186047,0.01279
CO2 emissions impulse ,2177,Hector v2.0,0.0185959,0.01278
CO2 emissions impulse ,2178,Hector v2.0,0.0185873,0.01278
CO2 emissions impulse ,2179,Hector v2.0,0.0185786,0.01278
CO2 emissions impulse ,2180,Hector v2.0,0.0185701,0.01279
CO2 emissions impulse ,2181,Hector v2.0,0.0185617,0.01278
CO2 emissions impulse ,2182,Hector v2.0,0.0185534,0.01278
CO2 emissions impulse ,2183,Hector v2.0,0.0185452,0.01278
CO2 emissions impulse ,2184,Hector v2.0,0.0185371,0.01278
CO2 emissions impulse ,2185,Hector v2.0,0.0185292,0.01278
CO2 emissions impulse ,2186,Hector v2.0,0.0185213,0.01278
CO2 emissions impulse ,2187,Hector v2.0,0.0185136,0.01278
CO2 emissions impulse ,2188,Hector v2.0,0.0185059,0.01277
CO2 emissions impulse ,2189,Hector v2.0,0.0184983,0.01277
CO2 emissions impulse ,2190,Hector v2.0,0.0184909,0.01277
CO2 emissions impulse ,2191,Hector v2.0,0.0184835,0.01278
CO2 emissions impulse ,2192,Hector v2.0,0.0184764,0.01277
CO2 emissions impulse ,2193,Hector v2.0,0.0184692,0.01277
CO2 emissions impulse ,2194,Hector v2.0,0.0184623,0.01277
CO2 emissions impulse ,2195,Hector v2.0,0.0184554,0.01277
CO2 emissions impulse ,2196,Hector v2.0,0.0184486,0.01277
CO2 emissions impulse ,2197,Hector v2.0,0.0184419,0.01277
CO2 emissions impulse ,2198,Hector v2.0,0.0184353,0.01277
CO2 emissions impulse ,2199,Hector v2.0,0.0184288,0.01277
CO2 emissions impulse ,2200,Hector v2.0,0.0184224,0.01276
CO2 emissions impulse ,2201,Hector v2.0,0.0184162,0.01276
CO2 emissions impulse ,2202,Hector v2.0,0.01841,0.01276
CO2 emissions impulse ,2203,Hector v2.0,0.018404,0.01276
CO2 emissions impulse ,2204,Hector v2.0,0.0183981,0.01276
CO2 emissions impulse ,2205,Hector v2.0,0.0183924,0.01276
CO2 emissions impulse ,2206,Hector v2.0,0.0183867,0.01277
CO2 emissions impulse ,2207,Hector v2.0,0.0183812,0.01276
CO2 emissions impulse ,2208,Hector v2.0,0.0183759,0.01277
CO2 emissions impulse ,2209,Hector v2.0,0.0183705,0.01276
CO2 emissions impulse ,2210,Hector v2.0,0.0183654,0.01276
CO2 emissions impulse ,2211,Hector v2.0,0.0183604,0.01277
CO2 emissions impulse ,2212,Hector v2.0,0.0183555,0.01276
CO2 emissions impulse ,2213,Hector v2.0,0.0183507,0.01276
CO2 emissions impulse ,2214,Hector v2.0,0.0183461,0.01276
CO2 emissions impulse ,2215,Hector v2.0,0.0183414,0.01276
CO2 emissions impulse ,2216,Hector v2.0,0.018337,0.01276
CO2 emissions impulse ,2217,Hector v2.0,0.0183326,0.01277
CO2 emissions impulse ,2218,Hector v2.0,0.0183284,0.01276
CO2 emissions impulse ,2219,Hector v2.0,0.0183242,0.01276
CO2 emissions impulse ,2220,Hector v2.0,0.01832,0.01276
CO2 emissions impulse ,2221,Hector v2.0,0.0183154,0.01276
CO2 emissions impulse ,2222,Hector v2.0,0.0183104,0.01276
CO2 emissions impulse ,2223,Hector v2.0,0.0183046,0.01277
CO2 emissions impulse ,2224,Hector v2.0,0.0182981,0.01277
CO2 emissions impulse ,2225,Hector v2.0,0.0182909,0.01276
CO2 emissions impulse ,2226,Hector v2.0,0.0182829,0.01276
CO2 emissions impulse ,2227,Hector v2.0,0.018274,0.01276
CO2 emissions impulse ,2228,Hector v2.0,0.0182644,0.01276
CO2 emissions impulse ,2229,Hector v2.0,0.018254,0.01276
CO2 emissions impulse ,2230,Hector v2.0,0.0182429,0.01276
CO2 emissions impulse ,2231,Hector v2.0,0.018231,0.01275
CO2 emissions impulse ,2232,Hector v2.0,0.0182184,0.01275
CO2 emissions impulse ,2233,Hector v2.0,0.0182052,0.01275
CO2 emissions impulse ,2234,Hector v2.0,0.0181914,0.01274
CO2 emissions impulse ,2235,Hector v2.0,0.0181769,0.01274
CO2 emissions impulse ,2236,Hector v2.0,0.0181618,0.01275
CO2 emissions impulse ,2237,Hector v2.0,0.0181461,0.01274
CO2 emissions impulse ,2238,Hector v2.0,0.0181299,0.01273
CO2 emissions impulse ,2239,Hector v2.0,0.0181132,0.01273
CO2 emissions impulse ,2240,Hector v2.0,0.0180961,0.01272
CO2 emissions impulse ,2241,Hector v2.0,0.0180785,0.01272
CO2 emissions impulse ,2242,Hector v2.0,0.0180606,0.01272
CO2 emissions impulse ,2243,Hector v2.0,0.0180422,0.01271
CO2 emissions impulse ,2244,Hector v2.0,0.0180235,0.0127
CO2 emissions impulse ,2245,Hector v2.0,0.0180044,0.0127
CO2 emissions impulse ,2246,Hector v2.0,0.0179851,0.01269
CO2 emissions impulse ,2247,Hector v2.0,0.0179655,0.01269
CO2 emissions impulse ,2248,Hector v2.0,0.0179456,0.01269
CO2 emissions impulse ,2249,Hector v2.0,0.0179256,0.01267
CO2 emissions impulse ,2250,Hector v2.0,0.0179053,0.01267
CO2 emissions impulse ,2251,Hector v2.0,0.0178849,0.01266
CO2 emissions impulse ,2252,Hector v2.0,0.0178643,0.01265
CO2 emissions impulse ,2253,Hector v2.0,0.0178435,0.01265
CO2 emissions impulse ,2254,Hector v2.0,0.0178227,0.01264
CO2 emissions impulse ,2255,Hector v2.0,0.0178017,0.01263
CO2 emissions impulse ,2256,Hector v2.0,0.0177806,0.01262
CO2 emissions impulse ,2257,Hector v2.0,0.0177595,0.01261
CO2 emissions impulse ,2258,Hector v2.0,0.0177383,0.01261
CO2 emissions impulse ,2259,Hector v2.0,0.0177171,0.0126
CO2 emissions impulse ,2260,Hector v2.0,0.0176959,0.01259
CO2 emissions impulse ,2261,Hector v2.0,0.0176746,0.01259
CO2 emissions impulse ,2262,Hector v2.0,0.0176534,0.01258
CO2 emissions impulse ,2263,Hector v2.0,0.0176321,0.01257
CO2 emissions impulse ,2264,Hector v2.0,0.0176109,0.01256
CO2 emissions impulse ,2265,Hector v2.0,0.0175897,0.01255
CO2 emissions impulse ,2266,Hector v2.0,0.0175686,0.01254
CO2 emissions impulse ,2267,Hector v2.0,0.0175475,0.01254
CO2 emissions impulse ,2268,Hector v2.0,0.0175264,0.01252
CO2 emissions impulse ,2269,Hector v2.0,0.0175055,0.01252
CO2 emissions impulse ,2270,Hector v2.0,0.0174846,0.01251
CO2 emissions impulse ,2271,Hector v2.0,0.0174638,0.0125
CO2 emissions impulse ,2272,Hector v2.0,0.017443,0.01249
CO2 emissions impulse ,2273,Hector v2.0,0.0174225,0.01248
CO2 emissions impulse ,2274,Hector v2.0,0.0174019,0.01247
CO2 emissions impulse ,2275,Hector v2.0,0.0173814,0.01246
CO2 emissions impulse ,2276,Hector v2.0,0.0173611,0.01246
CO2 emissions impulse ,2277,Hector v2.0,0.0173408,0.01245
CO2 emissions impulse ,2278,Hector v2.0,0.0173206,0.01244
CO2 emissions impulse ,2279,Hector v2.0,0.0173007,0.01242
CO2 emissions impulse ,2280,Hector v2.0,0.0172807,0.01242
CO2 emissions impulse ,2281,Hector v2.0,0.0172609,0.01241
CO2 emissions impulse ,2282,Hector v2.0,0.0172413,0.0124
CO2 emissions impulse ,2283,Hector v2.0,0.0172216,0.01239
CO2 emissions impulse ,2284,Hector v2.0,0.0172022,0.01238
CO2 emissions impulse ,2285,Hector v2.0,0.0171829,0.01237
CO2 emissions impulse ,2286,Hector v2.0,0.0171636,0.01236
CO2 emissions impulse ,2287,Hector v2.0,0.0171445,0.01235
CO2 emissions impulse ,2288,Hector v2.0,0.0171255,0.01234
CO2 emissions impulse ,2289,Hector v2.0,0.0171067,0.01233
CO2 emissions impulse ,2290,Hector v2.0,0.0170879,0.01233
CO2 emissions impulse ,2291,Hector v2.0,0.0170693,0.01232
CO2 emissions impulse ,2292,Hector v2.0,0.0170508,0.01231
CO2 emissions impulse ,2293,Hector v2.0,0.0170323,0.0123
CO2 emissions impulse ,2294,Hector v2.0,0.0170141,0.01229
CO2 emissions impulse ,2295,Hector v2.0,0.0169959,0.01229
CO2 emissions impulse ,2296,Hector v2.0,0.0169778,0.01227
CO2 emissions impulse ,2297,Hector v2.0,0.0169599,0.01226
CO2 emissions impulse ,2298,Hector v2.0,0.0169421,0.01225
CO2 emissions impulse ,2299,Hector v2.0,0.0169244,0.01224
CO2 emissions impulse ,2300,Hector v2.0,0.0169068,0.01224
CO2 emissions impulse,2010,MAGICC 5.3,0,0
CO2 emissions impulse,2011,MAGICC 5.3,0,0
CO2 emissions impulse,2012,MAGICC 5.3,0,0
CO2 emissions impulse,2013,MAGICC 5.3,0,0
CO2 emissions impulse,2014,MAGICC 5.3,0,0
CO2 emissions impulse,2015,MAGICC 5.3,0.02915,0.003569
CO2 emissions impulse,2016,MAGICC 5.3,0.0553,0.01085
CO2 emissions impulse,2017,MAGICC 5.3,0.05147,0.01267
CO2 emissions impulse,2018,MAGICC 5.3,0.04962,0.01396
CO2 emissions impulse,2019,MAGICC 5.3,0.0478,0.01482
CO2 emissions impulse,2020,MAGICC 5.3,0.04635,0.01546
CO2 emissions impulse,2021,MAGICC 5.3,0.04509,0.01595
CO2 emissions impulse,2022,MAGICC 5.3,0.04394,0.01631
CO2 emissions impulse,2023,MAGICC 5.3,0.04288,0.0166
CO2 emissions impulse,2024,MAGICC 5.3,0.04188,0.01682
CO2 emissions impulse,2025,MAGICC 5.3,0.04093,0.01697
CO2 emissions impulse,2026,MAGICC 5.3,0.04004,0.01708
CO2 emissions impulse,2027,MAGICC 5.3,0.03919,0.01716
CO2 emissions impulse,2028,MAGICC 5.3,0.03837,0.01721
CO2 emissions impulse,2029,MAGICC 5.3,0.03759,0.01723
CO2 emissions impulse,2030,MAGICC 5.3,0.03685,0.01722
CO2 emissions impulse,2031,MAGICC 5.3,0.03613,0.0172
CO2 emissions impulse,2032,MAGICC 5.3,0.03546,0.01717
CO2 emissions impulse,2033,MAGICC 5.3,0.03481,0.01712
CO2 emissions impulse,2034,MAGICC 5.3,0.03418,0.01707
CO2 emissions impulse,2035,MAGICC 5.3,0.03358,0.017
CO2 emissions impulse,2036,MAGICC 5.3,0.03302,0.01694
CO2 emissions impulse,2037,MAGICC 5.3,0.03248,0.01686
CO2 emissions impulse,2038,MAGICC 5.3,0.03195,0.01678
CO2 emissions impulse,2039,MAGICC 5.3,0.03145,0.01669
CO2 emissions impulse,2040,MAGICC 5.3,0.03098,0.01661
CO2 emissions impulse,2041,MAGICC 5.3,0.03052,0.01652
CO2 emissions impulse,2042,MAGICC 5.3,0.03009,0.01644
CO2 emissions impulse,2043,MAGICC 5.3,0.02967,0.01634
CO2 emissions impulse,2044,MAGICC 5.3,0.02927,0.01625
CO2 emissions impulse,2045,MAGICC 5.3,0.0289,0.01617
CO2 emissions impulse,2046,MAGICC 5.3,0.02854,0.01608
CO2 emissions impulse,2047,MAGICC 5.3,0.0282,0.016
CO2 emissions impulse,2048,MAGICC 5.3,0.02788,0.01591
CO2 emissions impulse,2049,MAGICC 5.3,0.02756,0.01583
CO2 emissions impulse,2050,MAGICC 5.3,0.02726,0.01574
CO2 emissions impulse,2051,MAGICC 5.3,0.02697,0.01566
CO2 emissions impulse,2052,MAGICC 5.3,0.0267,0.01558
CO2 emissions impulse,2053,MAGICC 5.3,0.02644,0.0155
CO2 emissions impulse,2054,MAGICC 5.3,0.02619,0.01543
CO2 emissions impulse,2055,MAGICC 5.3,0.02595,0.01536
CO2 emissions impulse,2056,MAGICC 5.3,0.02573,0.01529
CO2 emissions impulse,2057,MAGICC 5.3,0.02551,0.01522
CO2 emissions impulse,2058,MAGICC 5.3,0.0253,0.01515
CO2 emissions impulse,2059,MAGICC 5.3,0.0251,0.01509
CO2 emissions impulse,2060,MAGICC 5.3,0.02491,0.01502
CO2 emissions impulse,2061,MAGICC 5.3,0.02473,0.01496
CO2 emissions impulse,2062,MAGICC 5.3,0.02456,0.0149
CO2 emissions impulse,2063,MAGICC 5.3,0.0244,0.01485
CO2 emissions impulse,2064,MAGICC 5.3,0.02424,0.01479
CO2 emissions impulse,2065,MAGICC 5.3,0.02409,0.01474
CO2 emissions impulse,2066,MAGICC 5.3,0.02396,0.01469
CO2 emissions impulse,2067,MAGICC 5.3,0.02382,0.01464
CO2 emissions impulse,2068,MAGICC 5.3,0.0237,0.01458
CO2 emissions impulse,2069,MAGICC 5.3,0.02358,0.01454
CO2 emissions impulse,2070,MAGICC 5.3,0.02346,0.0145
CO2 emissions impulse,2071,MAGICC 5.3,0.02335,0.01446
CO2 emissions impulse,2072,MAGICC 5.3,0.02325,0.01442
CO2 emissions impulse,2073,MAGICC 5.3,0.02316,0.01438
CO2 emissions impulse,2074,MAGICC 5.3,0.02306,0.01435
CO2 emissions impulse,2075,MAGICC 5.3,0.02299,0.01432
CO2 emissions impulse,2076,MAGICC 5.3,0.0229,0.01429
CO2 emissions impulse,2077,MAGICC 5.3,0.02283,0.01425
CO2 emissions impulse,2078,MAGICC 5.3,0.02276,0.01423
CO2 emissions impulse,2079,MAGICC 5.3,0.0227,0.0142
CO2 emissions impulse,2080,MAGICC 5.3,0.02264,0.01418
CO2 emissions impulse,2081,MAGICC 5.3,0.02258,0.01416
CO2 emissions impulse,2082,MAGICC 5.3,0.02253,0.01413
CO2 emissions impulse,2083,MAGICC 5.3,0.02248,0.01411
CO2 emissions impulse,2084,MAGICC 5.3,0.02241,0.0141
CO2 emissions impulse,2085,MAGICC 5.3,0.02236,0.01407
CO2 emissions impulse,2086,MAGICC 5.3,0.0223,0.01406
CO2 emissions impulse,2087,MAGICC 5.3,0.02224,0.01403
CO2 emissions impulse,2088,MAGICC 5.3,0.02218,0.01402
CO2 emissions impulse,2089,MAGICC 5.3,0.02213,0.014
CO2 emissions impulse,2090,MAGICC 5.3,0.02206,0.01398
CO2 emissions impulse,2091,MAGICC 5.3,0.02201,0.01397
CO2 emissions impulse,2092,MAGICC 5.3,0.02195,0.01394
CO2 emissions impulse,2093,MAGICC 5.3,0.0219,0.01393
CO2 emissions impulse,2094,MAGICC 5.3,0.02184,0.01391
CO2 emissions impulse,2095,MAGICC 5.3,0.02178,0.01389
CO2 emissions impulse,2096,MAGICC 5.3,0.02173,0.01388
CO2 emissions impulse,2097,MAGICC 5.3,0.02167,0.01385
CO2 emissions impulse,2098,MAGICC 5.3,0.02162,0.01384
CO2 emissions impulse,2099,MAGICC 5.3,0.02156,0.01381
CO2 emissions impulse,2100,MAGICC 5.3,0.0215,0.01381
CO2 emissions impulse,2101,MAGICC 5.3,0.02145,0.01378
CO2 emissions impulse,2102,MAGICC 5.3,0.02141,0.01376
CO2 emissions impulse,2103,MAGICC 5.3,0.02135,0.01375
CO2 emissions impulse,2104,MAGICC 5.3,0.02131,0.01374
CO2 emissions impulse,2105,MAGICC 5.3,0.02127,0.01372
CO2 emissions impulse,2106,MAGICC 5.3,0.02122,0.0137
CO2 emissions impulse,2107,MAGICC 5.3,0.02118,0.01368
CO2 emissions impulse,2108,MAGICC 5.3,0.02113,0.01367
CO2 emissions impulse,2109,MAGICC 5.3,0.0211,0.01366
CO2 emissions impulse,2110,MAGICC 5.3,0.02105,0.01364
CO2 emissions impulse,2111,MAGICC 5.3,0.02102,0.01363
CO2 emissions impulse,2112,MAGICC 5.3,0.02098,0.01362
CO2 emissions impulse,2113,MAGICC 5.3,0.02095,0.01361
CO2 emissions impulse,2114,MAGICC 5.3,0.02092,0.01359
CO2 emissions impulse,2115,MAGICC 5.3,0.02089,0.01358
CO2 emissions impulse,2116,MAGICC 5.3,0.02085,0.01357
CO2 emissions impulse,2117,MAGICC 5.3,0.02082,0.01356
CO2 emissions impulse,2118,MAGICC 5.3,0.0208,0.01355
CO2 emissions impulse,2119,MAGICC 5.3,0.02076,0.01355
CO2 emissions impulse,2120,MAGICC 5.3,0.02073,0.01354
CO2 emissions impulse,2121,MAGICC 5.3,0.02071,0.01352
CO2 emissions impulse,2122,MAGICC 5.3,0.02068,0.01352
CO2 emissions impulse,2123,MAGICC 5.3,0.02065,0.01351
CO2 emissions impulse,2124,MAGICC 5.3,0.02062,0.0135
CO2 emissions impulse,2125,MAGICC 5.3,0.0206,0.01349
CO2 emissions impulse,2126,MAGICC 5.3,0.02057,0.01348
CO2 emissions impulse,2127,MAGICC 5.3,0.02054,0.01347
CO2 emissions impulse,2128,MAGICC 5.3,0.02052,0.01347
CO2 emissions impulse,2129,MAGICC 5.3,0.02048,0.01346
CO2 emissions impulse,2130,MAGICC 5.3,0.02046,0.01345
CO2 emissions impulse,2131,MAGICC 5.3,0.02043,0.01345
CO2 emissions impulse,2132,MAGICC 5.3,0.02041,0.01343
CO2 emissions impulse,2133,MAGICC 5.3,0.02039,0.01343
CO2 emissions impulse,2134,MAGICC 5.3,0.02035,0.01342
CO2 emissions impulse,2135,MAGICC 5.3,0.02033,0.01342
CO2 emissions impulse,2136,MAGICC 5.3,0.02031,0.01341
CO2 emissions impulse,2137,MAGICC 5.3,0.02028,0.0134
CO2 emissions impulse,2138,MAGICC 5.3,0.02026,0.01339
CO2 emissions impulse,2139,MAGICC 5.3,0.02023,0.01338
CO2 emissions impulse,2140,MAGICC 5.3,0.0202,0.01337
CO2 emissions impulse,2141,MAGICC 5.3,0.02018,0.01337
CO2 emissions impulse,2142,MAGICC 5.3,0.02015,0.01337
CO2 emissions impulse,2143,MAGICC 5.3,0.02013,0.01335
CO2 emissions impulse,2144,MAGICC 5.3,0.02011,0.01335
CO2 emissions impulse,2145,MAGICC 5.3,0.02008,0.01334
CO2 emissions impulse,2146,MAGICC 5.3,0.02005,0.01334
CO2 emissions impulse,2147,MAGICC 5.3,0.02003,0.01332
CO2 emissions impulse,2148,MAGICC 5.3,0.02001,0.01332
CO2 emissions impulse,2149,MAGICC 5.3,0.01999,0.01332
CO2 emissions impulse,2150,MAGICC 5.3,0.01996,0.0133
CO2 emissions impulse,2151,MAGICC 5.3,0.01994,0.01329
CO2 emissions impulse,2152,MAGICC 5.3,0.01991,0.01329
CO2 emissions impulse,2153,MAGICC 5.3,0.01989,0.01328
CO2 emissions impulse,2154,MAGICC 5.3,0.01986,0.01328
CO2 emissions impulse,2155,MAGICC 5.3,0.01984,0.01328
CO2 emissions impulse,2156,MAGICC 5.3,0.01982,0.01326
CO2 emissions impulse,2157,MAGICC 5.3,0.01979,0.01326
CO2 emissions impulse,2158,MAGICC 5.3,0.01977,0.01325
CO2 emissions impulse,2159,MAGICC 5.3,0.01974,0.01324
CO2 emissions impulse,2160,MAGICC 5.3,0.01972,0.01323
CO2 emissions impulse,2161,MAGICC 5.3,0.01969,0.01323
CO2 emissions impulse,2162,MAGICC 5.3,0.01967,0.01322
CO2 emissions impulse,2163,MAGICC 5.3,0.01964,0.01321
CO2 emissions impulse,2164,MAGICC 5.3,0.01962,0.0132
CO2 emissions impulse,2165,MAGICC 5.3,0.01959,0.0132
CO2 emissions impulse,2166,MAGICC 5.3,0.01957,0.01319
CO2 emissions impulse,2167,MAGICC 5.3,0.01954,0.01318
CO2 emissions impulse,2168,MAGICC 5.3,0.01952,0.01317
CO2 emissions impulse,2169,MAGICC 5.3,0.0195,0.01317
CO2 emissions impulse,2170,MAGICC 5.3,0.01948,0.01316
CO2 emissions impulse,2171,MAGICC 5.3,0.01945,0.01315
CO2 emissions impulse,2172,MAGICC 5.3,0.01943,0.01315
CO2 emissions impulse,2173,MAGICC 5.3,0.01941,0.01314
CO2 emissions impulse,2174,MAGICC 5.3,0.01939,0.01314
CO2 emissions impulse,2175,MAGICC 5.3,0.01936,0.01313
CO2 emissions impulse,2176,MAGICC 5.3,0.01933,0.01312
CO2 emissions impulse,2177,MAGICC 5.3,0.01932,0.01311
CO2 emissions impulse,2178,MAGICC 5.3,0.01929,0.01311
CO2 emissions impulse,2179,MAGICC 5.3,0.01927,0.0131
CO2 emissions impulse,2180,MAGICC 5.3,0.01924,0.01309
CO2 emissions impulse,2181,MAGICC 5.3,0.01923,0.01309
CO2 emissions impulse,2182,MAGICC 5.3,0.0192,0.01307
CO2 emissions impulse,2183,MAGICC 5.3,0.01918,0.01307
CO2 emissions impulse,2184,MAGICC 5.3,0.01915,0.01306
CO2 emissions impulse,2185,MAGICC 5.3,0.01913,0.01305
CO2 emissions impulse,2186,MAGICC 5.3,0.01911,0.01304
CO2 emissions impulse,2187,MAGICC 5.3,0.01909,0.01304
CO2 emissions impulse,2188,MAGICC 5.3,0.01907,0.01303
CO2 emissions impulse,2189,MAGICC 5.3,0.01904,0.01303
CO2 emissions impulse,2190,MAGICC 5.3,0.01903,0.01302
CO2 emissions impulse,2191,MAGICC 5.3,0.019,0.01301
CO2 emissions impulse,2192,MAGICC 5.3,0.01898,0.01301
CO2 emissions impulse,2193,MAGICC 5.3,0.01896,0.013
CO2 emissions impulse,2194,MAGICC 5.3,0.01894,0.01299
CO2 emissions impulse,2195,MAGICC 5.3,0.01892,0.01298
CO2 emissions impulse,2196,MAGICC 5.3,0.0189,0.01297
CO2 emissions impulse,2197,MAGICC 5.3,0.01888,0.01296
CO2 emissions impulse,2198,MAGICC 5.3,0.01885,0.01297
CO2 emissions impulse,2199,MAGICC 5.3,0.01884,0.01296
CO2 emissions impulse,2200,MAGICC 5.3,0.01881,0.01295
CO2 emissions impulse,2201,MAGICC 5.3,0.01879,0.01294
CO2 emissions impulse,2202,MAGICC 5.3,0.01877,0.01294
CO2 emissions impulse,2203,MAGICC 5.3,0.01875,0.01293
CO2 emissions impulse,2204,MAGICC 5.3,0.01874,0.01292
CO2 emissions impulse,2205,MAGICC 5.3,0.01872,0.01292
CO2 emissions impulse,2206,MAGICC 5.3,0.01869,0.0129
CO2 emissions impulse,2207,MAGICC 5.3,0.01867,0.0129
CO2 emissions impulse,2208,MAGICC 5.3,0.01865,0.01289
CO2 emissions impulse,2209,MAGICC 5.3,0.01863,0.01289
CO2 emissions impulse,2210,MAGICC 5.3,0.01861,0.01287
CO2 emissions impulse,2211,MAGICC 5.3,0.01859,0.01287
CO2 emissions impulse,2212,MAGICC 5.3,0.01857,0.01286
CO2 emissions impulse,2213,MAGICC 5.3,0.01855,0.01286
CO2 emissions impulse,2214,MAGICC 5.3,0.01854,0.01285
CO2 emissions impulse,2215,MAGICC 5.3,0.01851,0.01284
CO2 emissions impulse,2216,MAGICC 5.3,0.01849,0.01284
CO2 emissions impulse,2217,MAGICC 5.3,0.01848,0.01283
CO2 emissions impulse,2218,MAGICC 5.3,0.01846,0.01283
CO2 emissions impulse,2219,MAGICC 5.3,0.01844,0.01282
CO2 emissions impulse,2220,MAGICC 5.3,0.01841,0.01281
CO2 emissions impulse,2221,MAGICC 5.3,0.0184,0.0128
CO2 emissions impulse,2222,MAGICC 5.3,0.01838,0.0128
CO2 emissions impulse,2223,MAGICC 5.3,0.01836,0.01279
CO2 emissions impulse,2224,MAGICC 5.3,0.01834,0.01278
CO2 emissions impulse,2225,MAGICC 5.3,0.01832,0.01277
CO2 emissions impulse,2226,MAGICC 5.3,0.0183,0.01277
CO2 emissions impulse,2227,MAGICC 5.3,0.01828,0.01276
CO2 emissions impulse,2228,MAGICC 5.3,0.01827,0.01276
CO2 emissions impulse,2229,MAGICC 5.3,0.01824,0.01275
CO2 emissions impulse,2230,MAGICC 5.3,0.01822,0.01274
CO2 emissions impulse,2231,MAGICC 5.3,0.01821,0.01273
CO2 emissions impulse,2232,MAGICC 5.3,0.01819,0.01273
CO2 emissions impulse,2233,MAGICC 5.3,0.01817,0.01272
CO2 emissions impulse,2234,MAGICC 5.3,0.01815,0.01272
CO2 emissions impulse,2235,MAGICC 5.3,0.01814,0.01271
CO2 emissions impulse,2236,MAGICC 5.3,0.01811,0.0127
CO2 emissions impulse,2237,MAGICC 5.3,0.0181,0.01269
CO2 emissions impulse,2238,MAGICC 5.3,0.01808,0.01268
CO2 emissions impulse,2239,MAGICC 5.3,0.01806,0.01268
CO2 emissions impulse,2240,MAGICC 5.3,0.01804,0.01267
CO2 emissions impulse,2241,MAGICC 5.3,0.01802,0.01267
CO2 emissions impulse,2242,MAGICC 5.3,0.01801,0.01266
CO2 emissions impulse,2243,MAGICC 5.3,0.01799,0.01266
CO2 emissions impulse,2244,MAGICC 5.3,0.01797,0.01265
CO2 emissions impulse,2245,MAGICC 5.3,0.01795,0.01264
CO2 emissions impulse,2246,MAGICC 5.3,0.01794,0.01263
CO2 emissions impulse,2247,MAGICC 5.3,0.01791,0.01262
CO2 emissions impulse,2248,MAGICC 5.3,0.0179,0.01262
CO2 emissions impulse,2249,MAGICC 5.3,0.01788,0.01261
CO2 emissions impulse,2250,MAGICC 5.3,0.01786,0.01261
CO2 emissions impulse,2251,MAGICC 5.3,0.01784,0.0126
CO2 emissions impulse,2252,MAGICC 5.3,0.01782,0.01259
CO2 emissions impulse,2253,MAGICC 5.3,0.01781,0.01259
CO2 emissions impulse,2254,MAGICC 5.3,0.01779,0.01258
CO2 emissions impulse,2255,MAGICC 5.3,0.01778,0.01257
CO2 emissions impulse,2256,MAGICC 5.3,0.01776,0.01257
CO2 emissions impulse,2257,MAGICC 5.3,0.01774,0.01256
CO2 emissions impulse,2258,MAGICC 5.3,0.01772,0.01255
CO2 emissions impulse,2259,MAGICC 5.3,0.0177,0.01255
CO2 emissions impulse,2260,MAGICC 5.3,0.01769,0.01254
CO2 emissions impulse,2261,MAGICC 5.3,0.01767,0.01254
CO2 emissions impulse,2262,MAGICC 5.3,0.01765,0.01252
CO2 emissions impulse,2263,MAGICC 5.3,0.01763,0.01252
CO2 emissions impulse,2264,MAGICC 5.3,0.01762,0.01251
CO2 emissions impulse,2265,MAGICC 5.3,0.0176,0.0125
CO2 emissions impulse,2266,MAGICC 5.3,0.01759,0.0125
CO2 emissions impulse,2267,MAGICC 5.3,0.01757,0.01249
CO2 emissions impulse,2268,MAGICC 5.3,0.01755,0.01249
CO2 emissions impulse,2269,MAGICC 5.3,0.01753,0.01248
CO2 emissions impulse,2270,MAGICC 5.3,0.01751,0.01247
CO2 emissions impulse,2271,MAGICC 5.3,0.0175,0.01246
CO2 emissions impulse,2272,MAGICC 5.3,0.01748,0.01246
CO2 emissions impulse,2273,MAGICC 5.3,0.01747,0.01245
CO2 emissions impulse,2274,MAGICC 5.3,0.01745,0.01245
CO2 emissions impulse,2275,MAGICC 5.3,0.01743,0.01244
CO2 emissions impulse,2276,MAGICC 5.3,0.01741,0.01244
CO2 emissions impulse,2277,MAGICC 5.3,0.0174,0.01242
CO2 emissions impulse,2278,MAGICC 5.3,0.01739,0.01243
CO2 emissions impulse,2279,MAGICC 5.3,0.01737,0.01241
CO2 emissions impulse,2280,MAGICC 5.3,0.01735,0.01241
CO2 emissions impulse,2281,MAGICC 5.3,0.01733,0.0124
CO2 emissions impulse,2282,MAGICC 5.3,0.01732,0.01239
CO2 emissions impulse,2283,MAGICC 5.3,0.0173,0.01238
CO2 emissions impulse,2284,MAGICC 5.3,0.01728,0.01239
CO2 emissions impulse,2285,MAGICC 5.3,0.01726,0.01237
CO2 emissions impulse,2286,MAGICC 5.3,0.01725,0.01237
CO2 emissions impulse,2287,MAGICC 5.3,0.01724,0.01236
CO2 emissions impulse,2288,MAGICC 5.3,0.01722,0.01236
CO2 emissions impulse,2289,MAGICC 5.3,0.0172,0.01234
CO2 emissions impulse,2290,MAGICC 5.3,0.01719,0.01235
CO2 emissions impulse,2291,MAGICC 5.3,0.01717,0.01233
CO2 emissions impulse,2292,MAGICC 5.3,0.01716,0.01233
CO2 emissions impulse,2293,MAGICC 5.3,0.01714,0.01232
CO2 emissions impulse,2294,MAGICC 5.3,0.01712,0.01232
CO2 emissions impulse,2295,MAGICC 5.3,0.0171,0.01231
CO2 emissions impulse,2296,MAGICC 5.3,0.01709,0.01231
CO2 emissions impulse,2297,MAGICC 5.3,0.01708,0.0123
CO2 emissions impulse,2298,MAGICC 5.3,0.01706,0.01229
CO2 emissions impulse,2299,MAGICC 5.3,0.01704,0.01229
CO2 emissions impulse,2300,MAGICC 5.3,0.01703,0.01227
CO2 emissions impulse,2005,FAIR,NA,0
CO2 emissions impulse,2006,FAIR,NA,0
CO2 emissions impulse,2007,FAIR,NA,0
CO2 emissions impulse,2008,FAIR,NA,0
CO2 emissions impulse,2009,FAIR,NA,0
CO2 emissions impulse,2010,FAIR,NA,0
CO2 emissions impulse,2011,FAIR,NA,0
CO2 emissions impulse,2012,FAIR,NA,0
CO2 emissions impulse,2013,FAIR,NA,0
CO2 emissions impulse,2014,FAIR,NA,0
CO2 emissions impulse,2015,FAIR,NA,0
CO2 emissions impulse,2016,FAIR,NA,0.00612
CO2 emissions impulse,2017,FAIR,NA,0.00974
CO2 emissions impulse,2018,FAIR,NA,0.0121
CO2 emissions impulse,2019,FAIR,NA,0.0137
CO2 emissions impulse,2020,FAIR,NA,0.0148
CO2 emissions impulse,2021,FAIR,NA,0.0154
CO2 emissions impulse,2022,FAIR,NA,0.0158
CO2 emissions impulse,2023,FAIR,NA,0.0159
CO2 emissions impulse,2024,FAIR,NA,0.016
CO2 emissions impulse,2025,FAIR,NA,0.0159
CO2 emissions impulse,2026,FAIR,NA,0.0158
CO2 emissions impulse,2027,FAIR,NA,0.0157
CO2 emissions impulse,2028,FAIR,NA,0.0155
CO2 emissions impulse,2029,FAIR,NA,0.0153
CO2 emissions impulse,2030,FAIR,NA,0.0151
CO2 emissions impulse,2031,FAIR,NA,0.015
CO2 emissions impulse,2032,FAIR,NA,0.0148
CO2 emissions impulse,2033,FAIR,NA,0.0147
CO2 emissions impulse,2034,FAIR,NA,0.0145
CO2 emissions impulse,2035,FAIR,NA,0.0144
CO2 emissions impulse,2036,FAIR,NA,0.0143
CO2 emissions impulse,2037,FAIR,NA,0.0141
CO2 emissions impulse,2038,FAIR,NA,0.014
CO2 emissions impulse,2039,FAIR,NA,0.0139
CO2 emissions impulse,2040,FAIR,NA,0.0138
CO2 emissions impulse,2041,FAIR,NA,0.0137
CO2 emissions impulse,2042,FAIR,NA,0.0137
CO2 emissions impulse,2043,FAIR,NA,0.0136
CO2 emissions impulse,2044,FAIR,NA,0.0135
CO2 emissions impulse,2045,FAIR,NA,0.0134
CO2 emissions impulse,2046,FAIR,NA,0.0134
CO2 emissions impulse,2047,FAIR,NA,0.0133
CO2 emissions impulse,2048,FAIR,NA,0.0132
CO2 emissions impulse,2049,FAIR,NA,0.0132
CO2 emissions impulse,2050,FAIR,NA,0.0131
CO2 emissions impulse,2051,FAIR,NA,0.0131
CO2 emissions impulse,2052,FAIR,NA,0.013
CO2 emissions impulse,2053,FAIR,NA,0.0129
CO2 emissions impulse,2054,FAIR,NA,0.0129
CO2 emissions impulse,2055,FAIR,NA,0.0128
CO2 emissions impulse,2056,FAIR,NA,0.0128
CO2 emissions impulse,2057,FAIR,NA,0.0128
CO2 emissions impulse,2058,FAIR,NA,0.0127
CO2 emissions impulse,2059,FAIR,NA,0.0127
CO2 emissions impulse,2060,FAIR,NA,0.0126
CO2 emissions impulse,2061,FAIR,NA,0.0126
CO2 emissions impulse,2062,FAIR,NA,0.0125
CO2 emissions impulse,2063,FAIR,NA,0.0125
CO2 emissions impulse,2064,FAIR,NA,0.0125
CO2 emissions impulse,2065,FAIR,NA,0.0124
CO2 emissions impulse,2066,FAIR,NA,0.0124
CO2 emissions impulse,2067,FAIR,NA,0.0124
CO2 emissions impulse,2068,FAIR,NA,0.0123
CO2 emissions impulse,2069,FAIR,NA,0.0123
CO2 emissions impulse,2070,FAIR,NA,0.0123
CO2 emissions impulse,2071,FAIR,NA,0.0122
CO2 emissions impulse,2072,FAIR,NA,0.0122
CO2 emissions impulse,2073,FAIR,NA,0.0122
CO2 emissions impulse,2074,FAIR,NA,0.0121
CO2 emissions impulse,2075,FAIR,NA,0.0121
CO2 emissions impulse,2076,FAIR,NA,0.0121
CO2 emissions impulse,2077,FAIR,NA,0.0121
CO2 emissions impulse,2078,FAIR,NA,0.012
CO2 emissions impulse,2079,FAIR,NA,0.012
CO2 emissions impulse,2080,FAIR,NA,0.012
CO2 emissions impulse,2081,FAIR,NA,0.012
CO2 emissions impulse,2082,FAIR,NA,0.0119
CO2 emissions impulse,2083,FAIR,NA,0.0119
CO2 emissions impulse,2084,FAIR,NA,0.0119
CO2 emissions impulse,2085,FAIR,NA,0.0119
CO2 emissions impulse,2086,FAIR,NA,0.0119
CO2 emissions impulse,2087,FAIR,NA,0.0118
CO2 emissions impulse,2088,FAIR,NA,0.0118
CO2 emissions impulse,2089,FAIR,NA,0.0118
CO2 emissions impulse,2090,FAIR,NA,0.0118
CO2 emissions impulse,2091,FAIR,NA,0.0118
CO2 emissions impulse,2092,FAIR,NA,0.0118
CO2 emissions impulse,2093,FAIR,NA,0.0117
CO2 emissions impulse,2094,FAIR,NA,0.0117
CO2 emissions impulse,2095,FAIR,NA,0.0117
CO2 emissions impulse,2096,FAIR,NA,0.0117
CO2 emissions impulse,2097,FAIR,NA,0.0117
CO2 emissions impulse,2098,FAIR,NA,0.0117
CO2 emissions impulse,2099,FAIR,NA,0.0117
CO2 emissions impulse,2100,FAIR,NA,0.0116
CO2 emissions impulse,2101,FAIR,NA,0.0116
CO2 emissions impulse,2102,FAIR,NA,0.0116
CO2 emissions impulse,2103,FAIR,NA,0.0116
CO2 emissions impulse,2104,FAIR,NA,0.0116
CO2 emissions impulse,2105,FAIR,NA,0.0116
CO2 emissions impulse,2106,FAIR,NA,0.0116
CO2 emissions impulse,2107,FAIR,NA,0.0116
CO2 emissions impulse,2108,FAIR,NA,0.0116
CO2 emissions impulse,2109,FAIR,NA,0.0116
CO2 emissions impulse,2110,FAIR,NA,0.0115
CO2 emissions impulse,2111,FAIR,NA,0.0115
CO2 emissions impulse,2112,FAIR,NA,0.0115
CO2 emissions impulse,2113,FAIR,NA,0.0115
CO2 emissions impulse,2114,FAIR,NA,0.0115
CO2 emissions impulse,2115,FAIR,NA,0.0115
CO2 emissions impulse,2116,FAIR,NA,0.0115
CO2 emissions impulse,2117,FAIR,NA,0.0115
CO2 emissions impulse,2118,FAIR,NA,0.0115
CO2 emissions impulse,2119,FAIR,NA,0.0115
CO2 emissions impulse,2120,FAIR,NA,0.0115
CO2 emissions impulse,2121,FAIR,NA,0.0115
CO2 emissions impulse,2122,FAIR,NA,0.0115
CO2 emissions impulse,2123,FAIR,NA,0.0115
CO2 emissions impulse,2124,FAIR,NA,0.0115
CO2 emissions impulse,2125,FAIR,NA,0.0115
CO2 emissions impulse,2126,FAIR,NA,0.0115
CO2 emissions impulse,2127,FAIR,NA,0.0115
CO2 emissions impulse,2128,FAIR,NA,0.0115
CO2 emissions impulse,2129,FAIR,NA,0.0115
CO2 emissions impulse,2130,FAIR,NA,0.0115
CO2 emissions impulse,2131,FAIR,NA,0.0115
CO2 emissions impulse,2132,FAIR,NA,0.0115
CO2 emissions impulse,2133,FAIR,NA,0.0114
CO2 emissions impulse,2134,FAIR,NA,0.0114
CO2 emissions impulse,2135,FAIR,NA,0.0114
CO2 emissions impulse,2136,FAIR,NA,0.0114
CO2 emissions impulse,2137,FAIR,NA,0.0114
CO2 emissions impulse,2138,FAIR,NA,0.0114
CO2 emissions impulse,2139,FAIR,NA,0.0114
CO2 emissions impulse,2140,FAIR,NA,0.0114
CO2 emissions impulse,2141,FAIR,NA,0.0114
CO2 emissions impulse,2142,FAIR,NA,0.0114
CO2 emissions impulse,2143,FAIR,NA,0.0114
CO2 emissions impulse,2144,FAIR,NA,0.0114
CO2 emissions impulse,2145,FAIR,NA,0.0114
CO2 emissions impulse,2146,FAIR,NA,0.0114
CO2 emissions impulse,2147,FAIR,NA,0.0114
CO2 emissions impulse,2148,FAIR,NA,0.0114
CO2 emissions impulse,2149,FAIR,NA,0.0114
CO2 emissions impulse,2150,FAIR,NA,0.0115
CO2 emissions impulse,2151,FAIR,NA,0.0115
CO2 emissions impulse,2152,FAIR,NA,0.0115
CO2 emissions impulse,2153,FAIR,NA,0.0115
CO2 emissions impulse,2154,FAIR,NA,0.0115
CO2 emissions impulse,2155,FAIR,NA,0.0115
CO2 emissions impulse,2156,FAIR,NA,0.0115
CO2 emissions impulse,2157,FAIR,NA,0.0115
CO2 emissions impulse,2158,FAIR,NA,0.0115
CO2 emissions impulse,2159,FAIR,NA,0.0115
CO2 emissions impulse,2160,FAIR,NA,0.0115
CO2 emissions impulse,2161,FAIR,NA,0.0115
CO2 emissions impulse,2162,FAIR,NA,0.0115
CO2 emissions impulse,2163,FAIR,NA,0.0115
CO2 emissions impulse,2164,FAIR,NA,0.0115
CO2 emissions impulse,2165,FAIR,NA,0.0115
CO2 emissions impulse,2166,FAIR,NA,0.0115
CO2 emissions impulse,2167,FAIR,NA,0.0115
CO2 emissions impulse,2168,FAIR,NA,0.0115
CO2 emissions impulse,2169,FAIR,NA,0.0115
CO2 emissions impulse,2170,FAIR,NA,0.0115
CO2 emissions impulse,2171,FAIR,NA,0.0115
CO2 emissions impulse,2172,FAIR,NA,0.0115
CO2 emissions impulse,2173,FAIR,NA,0.0115
CO2 emissions impulse,2174,FAIR,NA,0.0115
CO2 emissions impulse,2175,FAIR,NA,0.0115
CO2 emissions impulse,2176,FAIR,NA,0.0115
CO2 emissions impulse,2177,FAIR,NA,0.0115
CO2 emissions impulse,2178,FAIR,NA,0.0115
CO2 emissions impulse,2179,FAIR,NA,0.0115
CO2 emissions impulse,2180,FAIR,NA,0.0115
CO2 emissions impulse,2181,FAIR,NA,0.0115
CO2 emissions impulse,2182,FAIR,NA,0.0116
CO2 emissions impulse,2183,FAIR,NA,0.0116
CO2 emissions impulse,2184,FAIR,NA,0.0116
CO2 emissions impulse,2185,FAIR,NA,0.0116
CO2 emissions impulse,2186,FAIR,NA,0.0116
CO2 emissions impulse,2187,FAIR,NA,0.0116
CO2 emissions impulse,2188,FAIR,NA,0.0116
CO2 emissions impulse,2189,FAIR,NA,0.0116
CO2 emissions impulse,2190,FAIR,NA,0.0116
CO2 emissions impulse,2191,FAIR,NA,0.0116
CO2 emissions impulse,2192,FAIR,NA,0.0116
CO2 emissions impulse,2193,FAIR,NA,0.0116
CO2 emissions impulse,2194,FAIR,NA,0.0116
CO2 emissions impulse,2195,FAIR,NA,0.0116
CO2 emissions impulse,2196,FAIR,NA,0.0116
CO2 emissions impulse,2197,FAIR,NA,0.0116
CO2 emissions impulse,2198,FAIR,NA,0.0116
CO2 emissions impulse,2199,FAIR,NA,0.0116
CO2 emissions impulse,2200,FAIR,NA,0.0116
CO2 emissions impulse,2201,FAIR,NA,0.0116
CO2 emissions impulse,2202,FAIR,NA,0.0116
CO2 emissions impulse,2203,FAIR,NA,0.0117
CO2 emissions impulse,2204,FAIR,NA,0.0117
CO2 emissions impulse,2205,FAIR,NA,0.0117
CO2 emissions impulse,2206,FAIR,NA,0.0117
CO2 emissions impulse,2207,FAIR,NA,0.0117
CO2 emissions impulse,2208,FAIR,NA,0.0117
CO2 emissions impulse,2209,FAIR,NA,0.0117
CO2 emissions impulse,2210,FAIR,NA,0.0117
CO2 emissions impulse,2211,FAIR,NA,0.0117
CO2 emissions impulse,2212,FAIR,NA,0.0117
CO2 emissions impulse,2213,FAIR,NA,0.0117
CO2 emissions impulse,2214,FAIR,NA,0.0117
CO2 emissions impulse,2215,FAIR,NA,0.0117
CO2 emissions impulse,2216,FAIR,NA,0.0117
CO2 emissions impulse,2217,FAIR,NA,0.0117
CO2 emissions impulse,2218,FAIR,NA,0.0117
CO2 emissions impulse,2219,FAIR,NA,0.0117
CO2 emissions impulse,2220,FAIR,NA,0.0117
CO2 emissions impulse,2221,FAIR,NA,0.0117
CO2 emissions impulse,2222,FAIR,NA,0.0118
CO2 emissions impulse,2223,FAIR,NA,0.0118
CO2 emissions impulse,2224,FAIR,NA,0.0118
CO2 emissions impulse,2225,FAIR,NA,0.0118
CO2 emissions impulse,2226,FAIR,NA,0.0118
CO2 emissions impulse,2227,FAIR,NA,0.0118
CO2 emissions impulse,2228,FAIR,NA,0.0118
CO2 emissions impulse,2229,FAIR,NA,0.0118
CO2 emissions impulse,2230,FAIR,NA,0.0118
CO2 emissions impulse,2231,FAIR,NA,0.0118
CO2 emissions impulse,2232,FAIR,NA,0.0118
CO2 emissions impulse,2233,FAIR,NA,0.0118
CO2 emissions impulse,2234,FAIR,NA,0.0118
CO2 emissions impulse,2235,FAIR,NA,0.0118
CO2 emissions impulse,2236,FAIR,NA,0.0118
CO2 emissions impulse,2237,FAIR,NA,0.0118
CO2 emissions impulse,2238,FAIR,NA,0.0118
CO2 emissions impulse,2239,FAIR,NA,0.0118
CO2 emissions impulse,2240,FAIR,NA,0.0119
CO2 emissions impulse,2241,FAIR,NA,0.0119
CO2 emissions impulse,2242,FAIR,NA,0.0119
CO2 emissions impulse,2243,FAIR,NA,0.0119
CO2 emissions impulse,2244,FAIR,NA,0.0119
CO2 emissions impulse,2245,FAIR,NA,0.0119
CO2 emissions impulse,2246,FAIR,NA,0.0119
CO2 emissions impulse,2247,FAIR,NA,0.0119
CO2 emissions impulse,2248,FAIR,NA,0.0119
CO2 emissions impulse,2249,FAIR,NA,0.0119
CO2 emissions impulse,2250,FAIR,NA,0.0119
CO2 emissions impulse,2251,FAIR,NA,0.0119
CO2 emissions impulse,2252,FAIR,NA,0.0119
CO2 emissions impulse,2253,FAIR,NA,0.0119
CO2 emissions impulse,2254,FAIR,NA,0.0119
CO2 emissions impulse,2255,FAIR,NA,0.0119
CO2 emissions impulse,2256,FAIR,NA,0.0119
CO2 emissions impulse,2257,FAIR,NA,0.0119
CO2 emissions impulse,2258,FAIR,NA,0.012
CO2 emissions impulse,2259,FAIR,NA,0.012
CO2 emissions impulse,2260,FAIR,NA,0.012
CO2 emissions impulse,2261,FAIR,NA,0.012
CO2 emissions impulse,2262,FAIR,NA,0.012
CO2 emissions impulse,2263,FAIR,NA,0.012
CO2 emissions impulse,2264,FAIR,NA,0.012
CO2 emissions impulse,2265,FAIR,NA,0.012
CO2 emissions impulse,2266,FAIR,NA,0.012
CO2 emissions impulse,2267,FAIR,NA,0.012
CO2 emissions impulse,2268,FAIR,NA,0.012
CO2 emissions impulse,2269,FAIR,NA,0.012
CO2 emissions impulse,2270,FAIR,NA,0.012
CO2 emissions impulse,2271,FAIR,NA,0.012
CO2 emissions impulse,2272,FAIR,NA,0.012
CO2 emissions impulse,2273,FAIR,NA,0.012
CO2 emissions impulse,2274,FAIR,NA,0.012
CO2 emissions impulse,2275,FAIR,NA,0.012
CO2 emissions impulse,2276,FAIR,NA,0.012
CO2 emissions impulse,2277,FAIR,NA,0.0121
CO2 emissions impulse,2278,FAIR,NA,0.0121
CO2 emissions impulse,2279,FAIR,NA,0.0121
CO2 emissions impulse,2280,FAIR,NA,0.0121
CO2 emissions impulse,2281,FAIR,NA,0.0121
CO2 emissions impulse,2282,FAIR,NA,0.0121
CO2 emissions impulse,2283,FAIR,NA,0.0121
CO2 emissions impulse,2284,FAIR,NA,0.0121
CO2 emissions impulse,2285,FAIR,NA,0.0121
CO2 emissions impulse,2286,FAIR,NA,0.0121
CO2 emissions impulse,2287,FAIR,NA,0.0121
CO2 emissions impulse,2288,FAIR,NA,0.0121
CO2 emissions impulse,2289,FAIR,NA,0.0121
CO2 emissions impulse,2290,FAIR,NA,0.0121
CO2 emissions impulse,2291,FAIR,NA,0.0121
CO2 emissions impulse,2292,FAIR,NA,0.0121
CO2 emissions impulse,2293,FAIR,NA,0.0121
CO2 emissions impulse,2294,FAIR,NA,0.0121
CO2 emissions impulse,2295,FAIR,NA,0.0121
CO2 emissions impulse,2296,FAIR,NA,0.0122
CO2 emissions impulse,2297,FAIR,NA,0.0122
CO2 emissions impulse,2298,FAIR,NA,0.0122
CO2 emissions impulse,2299,FAIR,NA,0.0122
CO2 emissions impulse,2300,FAIR,NA,0.0122
CO2 emissions impulse,2301,FAIR,NA,0.0122
CO2 emissions impulse,2302,FAIR,NA,0.0122
CO2 emissions impulse,2303,FAIR,NA,0.0122
CO2 emissions impulse,2304,FAIR,NA,0.0122
CO2 emissions impulse,2015,AR5-IR,0,0
CO2 emissions impulse,2016,AR5-IR,0.059458618,0.004528765
CO2 emissions impulse,2017,AR5-IR,0.055565574,0.008259565
CO2 emissions impulse,2018,AR5-IR,0.052391005,0.011336219
CO2 emissions impulse,2019,AR5-IR,0.049788179,0.013875312
CO2 emissions impulse,2020,AR5-IR,0.047640724,0.015971547
CO2 emissions impulse,2021,AR5-IR,0.045856336,0.01770202
CO2 emissions impulse,2022,AR5-IR,0.044361792,0.01912964
CO2 emissions impulse,2023,AR5-IR,0.043098996,0.020305865
CO2 emissions impulse,2024,AR5-IR,0.042021843,0.021272893
CO2 emissions impulse,2025,AR5-IR,0.041093733,0.022065419
CO2 emissions impulse,2026,AR5-IR,0.040285606,0.022712048
CO2 emissions impulse,2027,AR5-IR,0.039574377,0.023236432
CO2 emissions impulse,2028,AR5-IR,0.038941697,0.02365818
CO2 emissions impulse,2029,AR5-IR,0.038372977,0.0239936
CO2 emissions impulse,2030,AR5-IR,0.037856607,0.024256292
CO2 emissions impulse,2031,AR5-IR,0.037383339,0.024457632
CO2 emissions impulse,2032,AR5-IR,0.0369458,0.024607163
CO2 emissions impulse,2033,AR5-IR,0.036538104,0.024712911
CO2 emissions impulse,2034,AR5-IR,0.036155544,0.02478165
CO2 emissions impulse,2035,AR5-IR,0.03579435,0.024819105
CO2 emissions impulse,2036,AR5-IR,0.035451495,0.024830134
CO2 emissions impulse,2037,AR5-IR,0.035124542,0.024818865
CO2 emissions impulse,2038,AR5-IR,0.034811522,0.024788815
CO2 emissions impulse,2039,AR5-IR,0.03451084,0.024742986
CO2 emissions impulse,2040,AR5-IR,0.034221197,0.024683946
CO2 emissions impulse,2041,AR5-IR,0.033941529,0.024613896
CO2 emissions impulse,2042,AR5-IR,0.03367096,0.024534723
CO2 emissions impulse,2043,AR5-IR,0.033408765,0.024448048
CO2 emissions impulse,2044,AR5-IR,0.033154338,0.024355267
CO2 emissions impulse,2045,AR5-IR,0.032907166,0.024257579
CO2 emissions impulse,2046,AR5-IR,0.032666818,0.024156018
CO2 emissions impulse,2047,AR5-IR,0.032432919,0.024051474
CO2 emissions impulse,2048,AR5-IR,0.032205147,0.023944713
CO2 emissions impulse,2049,AR5-IR,0.031983218,0.023836395
CO2 emissions impulse,2050,AR5-IR,0.031766882,0.023727086
CO2 emissions impulse,2051,AR5-IR,0.031555916,0.023617273
CO2 emissions impulse,2052,AR5-IR,0.031350115,0.023507374
CO2 emissions impulse,2053,AR5-IR,0.031149296,0.023397748
CO2 emissions impulse,2054,AR5-IR,0.030953288,0.023288698
CO2 emissions impulse,2055,AR5-IR,0.030761933,0.023180483
CO2 emissions impulse,2056,AR5-IR,0.030575086,0.023073325
CO2 emissions impulse,2057,AR5-IR,0.030392606,0.022967407
CO2 emissions impulse,2058,AR5-IR,0.030214364,0.022862885
CO2 emissions impulse,2059,AR5-IR,0.030040234,0.022759887
CO2 emissions impulse,2060,AR5-IR,0.029870099,0.02265852
CO2 emissions impulse,2061,AR5-IR,0.029703846,0.022558867
CO2 emissions impulse,2062,AR5-IR,0.029541365,0.022460999
CO2 emissions impulse,2063,AR5-IR,0.029382552,0.022364968
CO2 emissions impulse,2064,AR5-IR,0.029227306,0.022270815
CO2 emissions impulse,2065,AR5-IR,0.029075529,0.022178567
CO2 emissions impulse,2066,AR5-IR,0.028927129,0.022088244
CO2 emissions impulse,2067,AR5-IR,0.028782013,0.021999855
CO2 emissions impulse,2068,AR5-IR,0.028640093,0.021913404
CO2 emissions impulse,2069,AR5-IR,0.028501284,0.021828886
CO2 emissions impulse,2070,AR5-IR,0.028365503,0.021746293
CO2 emissions impulse,2071,AR5-IR,0.028232668,0.02166561
CO2 emissions impulse,2072,AR5-IR,0.028102702,0.021586819
CO2 emissions impulse,2073,AR5-IR,0.027975529,0.0215099
CO2 emissions impulse,2074,AR5-IR,0.027851075,0.021434828
CO2 emissions impulse,2075,AR5-IR,0.027729267,0.021361576
CO2 emissions impulse,2076,AR5-IR,0.027610036,0.021290116
CO2 emissions impulse,2077,AR5-IR,0.027493315,0.021220418
CO2 emissions impulse,2078,AR5-IR,0.027379036,0.02115245
CO2 emissions impulse,2079,AR5-IR,0.027267136,0.02108618
CO2 emissions impulse,2080,AR5-IR,0.027157552,0.021021574
CO2 emissions impulse,2081,AR5-IR,0.027050223,0.020958598
CO2 emissions impulse,2082,AR5-IR,0.026945091,0.020897219
CO2 emissions impulse,2083,AR5-IR,0.026842097,0.020837401
CO2 emissions impulse,2084,AR5-IR,0.026741186,0.02077911
CO2 emissions impulse,2085,AR5-IR,0.026642303,0.020722311
CO2 emissions impulse,2086,AR5-IR,0.026545395,0.020666971
CO2 emissions impulse,2087,AR5-IR,0.02645041,0.020613054
CO2 emissions impulse,2088,AR5-IR,0.026357299,0.020560527
CO2 emissions impulse,2089,AR5-IR,0.026266013,0.020509355
CO2 emissions impulse,2090,AR5-IR,0.026176503,0.020459507
CO2 emissions impulse,2091,AR5-IR,0.026088725,0.020410948
CO2 emissions impulse,2092,AR5-IR,0.026002632,0.020363647
CO2 emissions impulse,2093,AR5-IR,0.025918181,0.020317573
CO2 emissions impulse,2094,AR5-IR,0.025835329,0.020272692
CO2 emissions impulse,2095,AR5-IR,0.025754036,0.020228976
CO2 emissions impulse,2096,AR5-IR,0.02567426,0.020186394
CO2 emissions impulse,2097,AR5-IR,0.025595962,0.020144917
CO2 emissions impulse,2098,AR5-IR,0.025519104,0.020104515
CO2 emissions impulse,2099,AR5-IR,0.02544365,0.020065161
CO2 emissions impulse,2100,AR5-IR,0.025369562,0.020026826
CO2 emissions impulse,2101,AR5-IR,0.025296806,0.019989484
CO2 emissions impulse,2102,AR5-IR,0.025225347,0.019953109
CO2 emissions impulse,2103,AR5-IR,0.025155152,0.019917673
CO2 emissions impulse,2104,AR5-IR,0.025086188,0.019883154
CO2 emissions impulse,2105,AR5-IR,0.025018425,0.019849525
CO2 emissions impulse,2106,AR5-IR,0.024951831,0.019816762
CO2 emissions impulse,2107,AR5-IR,0.024886376,0.019784843
CO2 emissions impulse,2108,AR5-IR,0.024822032,0.019753745
CO2 emissions impulse,2109,AR5-IR,0.024758769,0.019723444
CO2 emissions impulse,2110,AR5-IR,0.024696561,0.01969392
CO2 emissions impulse,2111,AR5-IR,0.024635381,0.019665151
CO2 emissions impulse,2112,AR5-IR,0.024575202,0.019637117
CO2 emissions impulse,2113,AR5-IR,0.024515999,0.019609797
CO2 emissions impulse,2114,AR5-IR,0.024457748,0.019583172
CO2 emissions impulse,2115,AR5-IR,0.024400424,0.019557222
CO2 emissions impulse,2116,AR5-IR,0.024344004,0.01953193
CO2 emissions impulse,2117,AR5-IR,0.024288465,0.019507277
CO2 emissions impulse,2118,AR5-IR,0.024233785,0.019483245
CO2 emissions impulse,2119,AR5-IR,0.024179943,0.019459818
CO2 emissions impulse,2120,AR5-IR,0.024126917,0.019436978
CO2 emissions impulse,2121,AR5-IR,0.024074687,0.01941471
CO2 emissions impulse,2122,AR5-IR,0.024023233,0.019392996
CO2 emissions impulse,2123,AR5-IR,0.023972536,0.019371823
CO2 emissions impulse,2124,AR5-IR,0.023922578,0.019351175
CO2 emissions impulse,2125,AR5-IR,0.023873338,0.019331037
CO2 emissions impulse,2126,AR5-IR,0.023824801,0.019311395
CO2 emissions impulse,2127,AR5-IR,0.023776948,0.019292236
CO2 emissions impulse,2128,AR5-IR,0.023729763,0.019273545
CO2 emissions impulse,2129,AR5-IR,0.023683229,0.01925531
CO2 emissions impulse,2130,AR5-IR,0.023637329,0.019237518
CO2 emissions impulse,2131,AR5-IR,0.02359205,0.019220157
CO2 emissions impulse,2132,AR5-IR,0.023547375,0.019203213
CO2 emissions impulse,2133,AR5-IR,0.023503289,0.019186677
CO2 emissions impulse,2134,AR5-IR,0.023459779,0.019170536
CO2 emissions impulse,2135,AR5-IR,0.02341683,0.019154779
CO2 emissions impulse,2136,AR5-IR,0.023374429,0.019139395
CO2 emissions impulse,2137,AR5-IR,0.023332563,0.019124374
CO2 emissions impulse,2138,AR5-IR,0.023291217,0.019109705
CO2 emissions impulse,2139,AR5-IR,0.023250381,0.019095379
CO2 emissions impulse,2140,AR5-IR,0.023210042,0.019081385
CO2 emissions impulse,2141,AR5-IR,0.023170188,0.019067716
CO2 emissions impulse,2142,AR5-IR,0.023130807,0.01905436
CO2 emissions impulse,2143,AR5-IR,0.023091889,0.019041309
CO2 emissions impulse,2144,AR5-IR,0.023053421,0.019028555
CO2 emissions impulse,2145,AR5-IR,0.023015394,0.01901609
CO2 emissions impulse,2146,AR5-IR,0.022977798,0.019003904
CO2 emissions impulse,2147,AR5-IR,0.022940621,0.01899199
CO2 emissions impulse,2148,AR5-IR,0.022903855,0.01898034
CO2 emissions impulse,2149,AR5-IR,0.022867489,0.018968946
CO2 emissions impulse,2150,AR5-IR,0.022831514,0.018957802
CO2 emissions impulse,2151,AR5-IR,0.022795922,0.0189469
CO2 emissions impulse,2152,AR5-IR,0.022760703,0.018936233
CO2 emissions impulse,2153,AR5-IR,0.022725849,0.018925794
CO2 emissions impulse,2154,AR5-IR,0.022691352,0.018915577
CO2 emissions impulse,2155,AR5-IR,0.022657203,0.018905575
CO2 emissions impulse,2156,AR5-IR,0.022623394,0.018895783
CO2 emissions impulse,2157,AR5-IR,0.022589918,0.018886193
CO2 emissions impulse,2158,AR5-IR,0.022556767,0.0188768
CO2 emissions impulse,2159,AR5-IR,0.022523934,0.018867599
CO2 emissions impulse,2160,AR5-IR,0.022491412,0.018858583
CO2 emissions impulse,2161,AR5-IR,0.022459194,0.018849748
CO2 emissions impulse,2162,AR5-IR,0.022427272,0.018841088
CO2 emissions impulse,2163,AR5-IR,0.022395642,0.018832598
CO2 emissions impulse,2164,AR5-IR,0.022364295,0.018824272
CO2 emissions impulse,2165,AR5-IR,0.022333226,0.018816107
CO2 emissions impulse,2166,AR5-IR,0.022302429,0.018808097
CO2 emissions impulse,2167,AR5-IR,0.022271898,0.018800238
CO2 emissions impulse,2168,AR5-IR,0.022241627,0.018792525
CO2 emissions impulse,2169,AR5-IR,0.02221161,0.018784955
CO2 emissions impulse,2170,AR5-IR,0.022181843,0.018777522
CO2 emissions impulse,2171,AR5-IR,0.022152319,0.018770222
CO2 emissions impulse,2172,AR5-IR,0.022123034,0.018763052
CO2 emissions impulse,2173,AR5-IR,0.022093983,0.018756008
CO2 emissions impulse,2174,AR5-IR,0.022065161,0.018749086
CO2 emissions impulse,2175,AR5-IR,0.022036562,0.018742283
CO2 emissions impulse,2176,AR5-IR,0.022008183,0.018735594
CO2 emissions impulse,2177,AR5-IR,0.021980018,0.018729016
CO2 emissions impulse,2178,AR5-IR,0.021952064,0.018722546
CO2 emissions impulse,2179,AR5-IR,0.021924316,0.018716181
CO2 emissions impulse,2180,AR5-IR,0.02189677,0.018709917
CO2 emissions impulse,2181,AR5-IR,0.021869422,0.018703752
CO2 emissions impulse,2182,AR5-IR,0.021842268,0.018697682
CO2 emissions impulse,2183,AR5-IR,0.021815304,0.018691704
CO2 emissions impulse,2184,AR5-IR,0.021788526,0.018685816
CO2 emissions impulse,2185,AR5-IR,0.021761931,0.018680014
CO2 emissions impulse,2186,AR5-IR,0.021735514,0.018674297
CO2 emissions impulse,2187,AR5-IR,0.021709274,0.018668661
CO2 emissions impulse,2188,AR5-IR,0.021683205,0.018663103
CO2 emissions impulse,2189,AR5-IR,0.021657306,0.018657623
CO2 emissions impulse,2190,AR5-IR,0.021631572,0.018652216
CO2 emissions impulse,2191,AR5-IR,0.021606001,0.018646881
CO2 emissions impulse,2192,AR5-IR,0.021580589,0.018641615
CO2 emissions impulse,2193,AR5-IR,0.021555334,0.018636416
CO2 emissions impulse,2194,AR5-IR,0.021530233,0.018631283
CO2 emissions impulse,2195,AR5-IR,0.021505283,0.018626212
CO2 emissions impulse,2196,AR5-IR,0.021480481,0.018621202
CO2 emissions impulse,2197,AR5-IR,0.021455824,0.018616252
CO2 emissions impulse,2198,AR5-IR,0.02143131,0.018611358
CO2 emissions impulse,2199,AR5-IR,0.021406937,0.018606519
CO2 emissions impulse,2200,AR5-IR,0.021382701,0.018601734
CO2 emissions impulse,2201,AR5-IR,0.021358601,0.018597
CO2 emissions impulse,2202,AR5-IR,0.021334634,0.018592316
CO2 emissions impulse,2203,AR5-IR,0.021310798,0.01858768
CO2 emissions impulse,2204,AR5-IR,0.02128709,0.018583091
CO2 emissions impulse,2205,AR5-IR,0.021263509,0.018578547
CO2 emissions impulse,2206,AR5-IR,0.021240053,0.018574046
CO2 emissions impulse,2207,AR5-IR,0.021216718,0.018569588
CO2 emissions impulse,2208,AR5-IR,0.021193504,0.01856517
CO2 emissions impulse,2209,AR5-IR,0.021170408,0.018560791
CO2 emissions impulse,2210,AR5-IR,0.021147429,0.018556449
CO2 emissions impulse,2211,AR5-IR,0.021124564,0.018552145
CO2 emissions impulse,2212,AR5-IR,0.021101812,0.018547875
CO2 emissions impulse,2213,AR5-IR,0.021079171,0.018543639
CO2 emissions impulse,2214,AR5-IR,0.021056639,0.018539437
CO2 emissions impulse,2215,AR5-IR,0.021034215,0.018535265
CO2 emissions impulse,2216,AR5-IR,0.021011896,0.018531124
CO2 emissions impulse,2217,AR5-IR,0.020989682,0.018527013
CO2 emissions impulse,2218,AR5-IR,0.020967571,0.018522929
CO2 emissions impulse,2219,AR5-IR,0.020945561,0.018518873
CO2 emissions impulse,2220,AR5-IR,0.020923651,0.018514843
CO2 emissions impulse,2221,AR5-IR,0.020901839,0.018510838
CO2 emissions impulse,2222,AR5-IR,0.020880124,0.018506857
CO2 emissions impulse,2223,AR5-IR,0.020858505,0.0185029
CO2 emissions impulse,2224,AR5-IR,0.02083698,0.018498965
CO2 emissions impulse,2225,AR5-IR,0.020815548,0.018495051
CO2 emissions impulse,2226,AR5-IR,0.020794208,0.018491158
CO2 emissions impulse,2227,AR5-IR,0.020772958,0.018487285
CO2 emissions impulse,2228,AR5-IR,0.020751797,0.018483431
CO2 emissions impulse,2229,AR5-IR,0.020730724,0.018479595
CO2 emissions impulse,2230,AR5-IR,0.020709738,0.018475777
CO2 emissions impulse,2231,AR5-IR,0.020688838,0.018471975
CO2 emissions impulse,2232,AR5-IR,0.020668022,0.018468189
CO2 emissions impulse,2233,AR5-IR,0.020647291,0.018464419
CO2 emissions impulse,2234,AR5-IR,0.020626641,0.018460663
CO2 emissions impulse,2235,AR5-IR,0.020606073,0.018456921
CO2 emissions impulse,2236,AR5-IR,0.020585586,0.018453193
CO2 emissions impulse,2237,AR5-IR,0.020565178,0.018449478
CO2 emissions impulse,2238,AR5-IR,0.020544849,0.018445774
CO2 emissions impulse,2239,AR5-IR,0.020524597,0.018442082
CO2 emissions impulse,2240,AR5-IR,0.020504423,0.018438402
CO2 emissions impulse,2241,AR5-IR,0.020484324,0.018434731
CO2 emissions impulse,2242,AR5-IR,0.0204643,0.018431071
CO2 emissions impulse,2243,AR5-IR,0.02044435,0.01842742
CO2 emissions impulse,2244,AR5-IR,0.020424474,0.018423778
CO2 emissions impulse,2245,AR5-IR,0.02040467,0.018420145
CO2 emissions impulse,2246,AR5-IR,0.020384938,0.01841652
CO2 emissions impulse,2247,AR5-IR,0.020365277,0.018412902
CO2 emissions impulse,2248,AR5-IR,0.020345687,0.018409291
CO2 emissions impulse,2249,AR5-IR,0.020326166,0.018405687
CO2 emissions impulse,2250,AR5-IR,0.020306713,0.018402089
CO2 emissions impulse,2251,AR5-IR,0.020287329,0.018398498
CO2 emissions impulse,2252,AR5-IR,0.020268012,0.018394911
CO2 emissions impulse,2253,AR5-IR,0.020248762,0.01839133
CO2 emissions impulse,2254,AR5-IR,0.020229578,0.018387754
CO2 emissions impulse,2255,AR5-IR,0.02021046,0.018384182
CO2 emissions impulse,2256,AR5-IR,0.020191407,0.018380614
CO2 emissions impulse,2257,AR5-IR,0.020172417,0.01837705
CO2 emissions impulse,2258,AR5-IR,0.020153492,0.018373489
CO2 emissions impulse,2259,AR5-IR,0.020134629,0.018369931
CO2 emissions impulse,2260,AR5-IR,0.020115829,0.018366377
CO2 emissions impulse,2261,AR5-IR,0.020097091,0.018362824
CO2 emissions impulse,2262,AR5-IR,0.020078414,0.018359275
CO2 emissions impulse,2263,AR5-IR,0.020059799,0.018355727
CO2 emissions impulse,2264,AR5-IR,0.020041243,0.018352181
CO2 emissions impulse,2265,AR5-IR,0.020022748,0.018348636
CO2 emissions impulse,2266,AR5-IR,0.020004311,0.018345092
CO2 emissions impulse,2267,AR5-IR,0.019985934,0.01834155
CO2 emissions impulse,2268,AR5-IR,0.019967615,0.018338008
CO2 emissions impulse,2269,AR5-IR,0.019949354,0.018334467
CO2 emissions impulse,2270,AR5-IR,0.01993115,0.018330927
CO2 emissions impulse,2271,AR5-IR,0.019913004,0.018327386
CO2 emissions impulse,2272,AR5-IR,0.019894914,0.018323845
CO2 emissions impulse,2273,AR5-IR,0.01987688,0.018320305
CO2 emissions impulse,2274,AR5-IR,0.019858902,0.018316763
CO2 emissions impulse,2275,AR5-IR,0.019840979,0.018313221
CO2 emissions impulse,2276,AR5-IR,0.019823111,0.018309679
CO2 emissions impulse,2277,AR5-IR,0.019805297,0.018306135
CO2 emissions impulse,2278,AR5-IR,0.019787538,0.01830259
CO2 emissions impulse,2279,AR5-IR,0.019769832,0.018299045
CO2 emissions impulse,2280,AR5-IR,0.01975218,0.018295497
CO2 emissions impulse,2281,AR5-IR,0.019734581,0.018291948
CO2 emissions impulse,2282,AR5-IR,0.019717034,0.018288398
CO2 emissions impulse,2283,AR5-IR,0.01969954,0.018284845
CO2 emissions impulse,2284,AR5-IR,0.019682098,0.018281291
CO2 emissions impulse,2285,AR5-IR,0.019664707,0.018277735
CO2 emissions impulse,2286,AR5-IR,0.019647367,0.018274176
CO2 emissions impulse,2287,AR5-IR,0.019630079,0.018270616
CO2 emissions impulse,2288,AR5-IR,0.019612841,0.018267052
CO2 emissions impulse,2289,AR5-IR,0.019595653,0.018263487
CO2 emissions impulse,2290,AR5-IR,0.019578516,0.018259918
CO2 emissions impulse,2291,AR5-IR,0.019561428,0.018256347
CO2 emissions impulse,2292,AR5-IR,0.01954439,0.018252774
CO2 emissions impulse,2293,AR5-IR,0.0195274,0.018249197
CO2 emissions impulse,2294,AR5-IR,0.01951046,0.018245617
CO2 emissions impulse,2295,AR5-IR,0.019493568,0.018242035
CO2 emissions impulse,2296,AR5-IR,0.019476724,0.018238449
CO2 emissions impulse,2297,AR5-IR,0.019459928,0.01823486
CO2 emissions impulse,2298,AR5-IR,0.019443181,0.018231268
CO2 emissions impulse,2299,AR5-IR,0.01942648,0.018227673
CO2 emissions impulse,2300,AR5-IR,0.019409827,0.018224074
CO2 emissions impulse,2301,AR5-IR,0.019393221,0.018220472
CO2 emissions impulse,2302,AR5-IR,0.019376661,0.018216866
CO2 emissions impulse,2303,AR5-IR,0.019360148,0.018213257
CO2 emissions impulse,2304,AR5-IR,0.019343681,0.018209644
CO2 emissions impulse,2305,AR5-IR,0.019327261,0.018206027
CO2 emissions impulse,2306,AR5-IR,0.019310886,0.018202407
CO2 emissions impulse,2307,AR5-IR,0.019294556,0.018198783
CO2 emissions impulse,2308,AR5-IR,0.019278272,0.018195155
CO2 emissions impulse,2309,AR5-IR,0.019262033,0.018191523
CO2 emissions impulse,2310,AR5-IR,0.019245839,0.018187888
CO2 emissions impulse,2311,AR5-IR,0.019229689,0.018184249
CO2 emissions impulse,2312,AR5-IR,0.019213584,0.018180605
CO2 emissions impulse,2313,AR5-IR,0.019197523,0.018176958
CO2 emissions impulse,2314,AR5-IR,0.019181506,0.018173307
CO2 emissions impulse,2315,AR5-IR,0.019165534,0.018169652
CO2 emissions impulse,2010,MAGICC 6.0,0,0
CO2 emissions impulse,2011,MAGICC 6.0,0,0
CO2 emissions impulse,2012,MAGICC 6.0,0,0
CO2 emissions impulse,2013,MAGICC 6.0,0,0
CO2 emissions impulse,2014,MAGICC 6.0,0,0
CO2 emissions impulse,2015,MAGICC 6.0,0,0
CO2 emissions impulse,2016,MAGICC 6.0,0.0275432,0.00804444
CO2 emissions impulse,2017,MAGICC 6.0,0.0519152,0.0123407
CO2 emissions impulse,2018,MAGICC 6.0,0.0478044,0.0143033
CO2 emissions impulse,2019,MAGICC 6.0,0.0456386,0.0154439
CO2 emissions impulse,2020,MAGICC 6.0,0.0434578,0.01616
CO2 emissions impulse,2021,MAGICC 6.0,0.0416785,0.0166241
CO2 emissions impulse,2022,MAGICC 6.0,0.0401368,0.0169219
CO2 emissions impulse,2023,MAGICC 6.0,0.0387857,0.0171058
CO2 emissions impulse,2024,MAGICC 6.0,0.0375833,0.0172089
CO2 emissions impulse,2025,MAGICC 6.0,0.0365006,0.0172537
CO2 emissions impulse,2026,MAGICC 6.0,0.0355167,0.0172556
CO2 emissions impulse,2027,MAGICC 6.0,0.0346159,0.0172256
CO2 emissions impulse,2028,MAGICC 6.0,0.0337861,0.017172
CO2 emissions impulse,2029,MAGICC 6.0,0.0330178,0.0171006
CO2 emissions impulse,2030,MAGICC 6.0,0.0323034,0.017016
CO2 emissions impulse,2031,MAGICC 6.0,0.0316366,0.0169215
CO2 emissions impulse,2032,MAGICC 6.0,0.031013,0.0168201
CO2 emissions impulse,2033,MAGICC 6.0,0.0304291,0.0167139
CO2 emissions impulse,2034,MAGICC 6.0,0.0298807,0.0166042
CO2 emissions impulse,2035,MAGICC 6.0,0.0293643,0.0164925
CO2 emissions impulse,2036,MAGICC 6.0,0.0288772,0.0163798
CO2 emissions impulse,2037,MAGICC 6.0,0.0284167,0.0162667
CO2 emissions impulse,2038,MAGICC 6.0,0.0279805,0.0161537
CO2 emissions impulse,2039,MAGICC 6.0,0.0275667,0.0160415
CO2 emissions impulse,2040,MAGICC 6.0,0.0271736,0.0159303
CO2 emissions impulse,2041,MAGICC 6.0,0.0267995,0.0158205
CO2 emissions impulse,2042,MAGICC 6.0,0.0264437,0.0157123
CO2 emissions impulse,2043,MAGICC 6.0,0.0261057,0.0156062
CO2 emissions impulse,2044,MAGICC 6.0,0.025784,0.0155021
CO2 emissions impulse,2045,MAGICC 6.0,0.0254774,0.0154002
CO2 emissions impulse,2046,MAGICC 6.0,0.0251847,0.0153004
CO2 emissions impulse,2047,MAGICC 6.0,0.024905,0.0152028
CO2 emissions impulse,2048,MAGICC 6.0,0.0246361,0.0151069
CO2 emissions impulse,2049,MAGICC 6.0,0.0243811,0.0150142
CO2 emissions impulse,2050,MAGICC 6.0,0.0241403,0.0149246
CO2 emissions impulse,2051,MAGICC 6.0,0.0239099,0.0148376
CO2 emissions impulse,2052,MAGICC 6.0,0.0236908,0.0147535
CO2 emissions impulse,2053,MAGICC 6.0,0.0234834,0.0146724
CO2 emissions impulse,2054,MAGICC 6.0,0.023287,0.0145942
CO2 emissions impulse,2055,MAGICC 6.0,0.0231007,0.0145189
CO2 emissions impulse,2056,MAGICC 6.0,0.0229239,0.0144466
CO2 emissions impulse,2057,MAGICC 6.0,0.0227561,0.014377
CO2 emissions impulse,2058,MAGICC 6.0,0.0225966,0.0143102
CO2 emissions impulse,2059,MAGICC 6.0,0.0224449,0.014246
CO2 emissions impulse,2060,MAGICC 6.0,0.0223007,0.0141845
CO2 emissions impulse,2061,MAGICC 6.0,0.0221634,0.0141253
CO2 emissions impulse,2062,MAGICC 6.0,0.0220335,0.0140687
CO2 emissions impulse,2063,MAGICC 6.0,0.021911,0.0140146
CO2 emissions impulse,2064,MAGICC 6.0,0.0217953,0.0139631
CO2 emissions impulse,2065,MAGICC 6.0,0.0216863,0.013914
CO2 emissions impulse,2066,MAGICC 6.0,0.0215835,0.0138673
CO2 emissions impulse,2067,MAGICC 6.0,0.0214866,0.0138231
CO2 emissions impulse,2068,MAGICC 6.0,0.0213952,0.0137813
CO2 emissions impulse,2069,MAGICC 6.0,0.0213091,0.0137417
CO2 emissions impulse,2070,MAGICC 6.0,0.0212279,0.0137042
CO2 emissions impulse,2071,MAGICC 6.0,0.0211517,0.0136686
CO2 emissions impulse,2072,MAGICC 6.0,0.0210805,0.013635
CO2 emissions impulse,2073,MAGICC 6.0,0.0210148,0.0136035
CO2 emissions impulse,2074,MAGICC 6.0,0.0209543,0.0135739
CO2 emissions impulse,2075,MAGICC 6.0,0.0208987,0.0135465
CO2 emissions impulse,2076,MAGICC 6.0,0.0208478,0.0135212
CO2 emissions impulse,2077,MAGICC 6.0,0.0208013,0.0134979
CO2 emissions impulse,2078,MAGICC 6.0,0.0207591,0.0134765
CO2 emissions impulse,2079,MAGICC 6.0,0.0207291,0.0134591
CO2 emissions impulse,2080,MAGICC 6.0,0.0207099,0.0134451
CO2 emissions impulse,2081,MAGICC 6.0,0.0206928,0.013433
CO2 emissions impulse,2082,MAGICC 6.0,0.020675,0.0134222
CO2 emissions impulse,2083,MAGICC 6.0,0.0206545,0.013412
CO2 emissions impulse,2084,MAGICC 6.0,0.020632,0.0134023
CO2 emissions impulse,2085,MAGICC 6.0,0.0206077,0.0133928
CO2 emissions impulse,2086,MAGICC 6.0,0.0205818,0.0133834
CO2 emissions impulse,2087,MAGICC 6.0,0.0205548,0.0133742
CO2 emissions impulse,2088,MAGICC 6.0,0.0205267,0.0133649
CO2 emissions impulse,2089,MAGICC 6.0,0.0204978,0.0133556
CO2 emissions impulse,2090,MAGICC 6.0,0.020468,0.0133462
CO2 emissions impulse,2091,MAGICC 6.0,0.0204378,0.0133369
CO2 emissions impulse,2092,MAGICC 6.0,0.020407,0.0133275
CO2 emissions impulse,2093,MAGICC 6.0,0.0203759,0.0133179
CO2 emissions impulse,2094,MAGICC 6.0,0.0203444,0.0133083
CO2 emissions impulse,2095,MAGICC 6.0,0.0203127,0.0132987
CO2 emissions impulse,2096,MAGICC 6.0,0.0202808,0.013289
CO2 emissions impulse,2097,MAGICC 6.0,0.0202488,0.0132793
CO2 emissions impulse,2098,MAGICC 6.0,0.0202168,0.0132696
CO2 emissions impulse,2099,MAGICC 6.0,0.0201846,0.0132598
CO2 emissions impulse,2100,MAGICC 6.0,0.0201526,0.0132501
CO2 emissions impulse,2101,MAGICC 6.0,0.0201205,0.0132402
CO2 emissions impulse,2102,MAGICC 6.0,0.0200895,0.0132308
CO2 emissions impulse,2103,MAGICC 6.0,0.0200604,0.0132217
CO2 emissions impulse,2104,MAGICC 6.0,0.020033,0.013213
CO2 emissions impulse,2105,MAGICC 6.0,0.0200072,0.0132049
CO2 emissions impulse,2106,MAGICC 6.0,0.0199829,0.0131972
CO2 emissions impulse,2107,MAGICC 6.0,0.01996,0.0131901
CO2 emissions impulse,2108,MAGICC 6.0,0.0199385,0.0131834
CO2 emissions impulse,2109,MAGICC 6.0,0.0199183,0.0131772
CO2 emissions impulse,2110,MAGICC 6.0,0.0198993,0.0131715
CO2 emissions impulse,2111,MAGICC 6.0,0.0198814,0.0131663
CO2 emissions impulse,2112,MAGICC 6.0,0.0198644,0.0131615
CO2 emissions impulse,2113,MAGICC 6.0,0.0198481,0.0131571
CO2 emissions impulse,2114,MAGICC 6.0,0.0198323,0.0131531
CO2 emissions impulse,2115,MAGICC 6.0,0.0198173,0.0131494
CO2 emissions impulse,2116,MAGICC 6.0,0.0198028,0.0131459
CO2 emissions impulse,2117,MAGICC 6.0,0.019789,0.0131429
CO2 emissions impulse,2118,MAGICC 6.0,0.0197758,0.0131401
CO2 emissions impulse,2119,MAGICC 6.0,0.0197632,0.0131376
CO2 emissions impulse,2120,MAGICC 6.0,0.0197512,0.0131354
CO2 emissions impulse,2121,MAGICC 6.0,0.0197398,0.0131335
CO2 emissions impulse,2122,MAGICC 6.0,0.0197286,0.0131318
CO2 emissions impulse,2123,MAGICC 6.0,0.0197173,0.0131302
CO2 emissions impulse,2124,MAGICC 6.0,0.0197058,0.0131286
CO2 emissions impulse,2125,MAGICC 6.0,0.0196943,0.0131272
CO2 emissions impulse,2126,MAGICC 6.0,0.0196828,0.0131259
CO2 emissions impulse,2127,MAGICC 6.0,0.0196714,0.0131246
CO2 emissions impulse,2128,MAGICC 6.0,0.0196599,0.0131234
CO2 emissions impulse,2129,MAGICC 6.0,0.0196486,0.0131222
CO2 emissions impulse,2130,MAGICC 6.0,0.0196373,0.0131211
CO2 emissions impulse,2131,MAGICC 6.0,0.0196261,0.01312
CO2 emissions impulse,2132,MAGICC 6.0,0.0196149,0.013119
CO2 emissions impulse,2133,MAGICC 6.0,0.0196037,0.0131179
CO2 emissions impulse,2134,MAGICC 6.0,0.0195925,0.013117
CO2 emissions impulse,2135,MAGICC 6.0,0.0195814,0.0131161
CO2 emissions impulse,2136,MAGICC 6.0,0.0195702,0.0131151
CO2 emissions impulse,2137,MAGICC 6.0,0.0195591,0.0131142
CO2 emissions impulse,2138,MAGICC 6.0,0.0195481,0.0131133
CO2 emissions impulse,2139,MAGICC 6.0,0.0195372,0.0131125
CO2 emissions impulse,2140,MAGICC 6.0,0.0195263,0.0131116
CO2 emissions impulse,2141,MAGICC 6.0,0.0195156,0.0131107
CO2 emissions impulse,2142,MAGICC 6.0,0.0195048,0.01311
CO2 emissions impulse,2143,MAGICC 6.0,0.0194942,0.0131092
CO2 emissions impulse,2144,MAGICC 6.0,0.0194837,0.0131085
CO2 emissions impulse,2145,MAGICC 6.0,0.0194733,0.0131077
CO2 emissions impulse,2146,MAGICC 6.0,0.0194631,0.0131071
CO2 emissions impulse,2147,MAGICC 6.0,0.0194529,0.0131064
CO2 emissions impulse,2148,MAGICC 6.0,0.0194428,0.0131058
CO2 emissions impulse,2149,MAGICC 6.0,0.0194328,0.0131052
CO2 emissions impulse,2150,MAGICC 6.0,0.0194225,0.0131046
CO2 emissions impulse,2151,MAGICC 6.0,0.0194115,0.0131038
CO2 emissions impulse,2152,MAGICC 6.0,0.0194003,0.0131029
CO2 emissions impulse,2153,MAGICC 6.0,0.0193888,0.0131019
CO2 emissions impulse,2154,MAGICC 6.0,0.0193773,0.0131009
CO2 emissions impulse,2155,MAGICC 6.0,0.0193656,0.0130998
CO2 emissions impulse,2156,MAGICC 6.0,0.019354,0.0130986
CO2 emissions impulse,2157,MAGICC 6.0,0.0193423,0.0130973
CO2 emissions impulse,2158,MAGICC 6.0,0.0193308,0.0130961
CO2 emissions impulse,2159,MAGICC 6.0,0.0193192,0.0130949
CO2 emissions impulse,2160,MAGICC 6.0,0.0193076,0.0130936
CO2 emissions impulse,2161,MAGICC 6.0,0.0192961,0.0130923
CO2 emissions impulse,2162,MAGICC 6.0,0.0192846,0.013091
CO2 emissions impulse,2163,MAGICC 6.0,0.0192732,0.0130896
CO2 emissions impulse,2164,MAGICC 6.0,0.0192618,0.0130883
CO2 emissions impulse,2165,MAGICC 6.0,0.0192506,0.0130869
CO2 emissions impulse,2166,MAGICC 6.0,0.0192394,0.0130856
CO2 emissions impulse,2167,MAGICC 6.0,0.0192281,0.0130842
CO2 emissions impulse,2168,MAGICC 6.0,0.0192171,0.0130828
CO2 emissions impulse,2169,MAGICC 6.0,0.019206,0.0130815
CO2 emissions impulse,2170,MAGICC 6.0,0.019195,0.0130801
CO2 emissions impulse,2171,MAGICC 6.0,0.0191841,0.0130787
CO2 emissions impulse,2172,MAGICC 6.0,0.0191732,0.0130774
CO2 emissions impulse,2173,MAGICC 6.0,0.0191624,0.0130761
CO2 emissions impulse,2174,MAGICC 6.0,0.0191516,0.0130746
CO2 emissions impulse,2175,MAGICC 6.0,0.0191408,0.0130732
CO2 emissions impulse,2176,MAGICC 6.0,0.0191302,0.0130719
CO2 emissions impulse,2177,MAGICC 6.0,0.0191196,0.0130705
CO2 emissions impulse,2178,MAGICC 6.0,0.019109,0.0130691
CO2 emissions impulse,2179,MAGICC 6.0,0.0190984,0.0130677
CO2 emissions impulse,2180,MAGICC 6.0,0.019088,0.0130664
CO2 emissions impulse,2181,MAGICC 6.0,0.0190776,0.0130649
CO2 emissions impulse,2182,MAGICC 6.0,0.0190672,0.0130635
CO2 emissions impulse,2183,MAGICC 6.0,0.0190569,0.0130622
CO2 emissions impulse,2184,MAGICC 6.0,0.0190465,0.0130608
CO2 emissions impulse,2185,MAGICC 6.0,0.0190363,0.0130594
CO2 emissions impulse,2186,MAGICC 6.0,0.0190261,0.013058
CO2 emissions impulse,2187,MAGICC 6.0,0.0190159,0.0130565
CO2 emissions impulse,2188,MAGICC 6.0,0.0190057,0.0130552
CO2 emissions impulse,2189,MAGICC 6.0,0.0189957,0.0130537
CO2 emissions impulse,2190,MAGICC 6.0,0.0189856,0.0130523
CO2 emissions impulse,2191,MAGICC 6.0,0.0189756,0.0130509
CO2 emissions impulse,2192,MAGICC 6.0,0.0189657,0.0130495
CO2 emissions impulse,2193,MAGICC 6.0,0.0189557,0.0130481
CO2 emissions impulse,2194,MAGICC 6.0,0.0189458,0.0130467
CO2 emissions impulse,2195,MAGICC 6.0,0.0189358,0.0130452
CO2 emissions impulse,2196,MAGICC 6.0,0.018926,0.0130438
CO2 emissions impulse,2197,MAGICC 6.0,0.0189162,0.0130423
CO2 emissions impulse,2198,MAGICC 6.0,0.0189063,0.0130409
CO2 emissions impulse,2199,MAGICC 6.0,0.0188966,0.0130394
CO2 emissions impulse,2200,MAGICC 6.0,0.0188869,0.013038
CO2 emissions impulse,2201,MAGICC 6.0,0.0188772,0.0130365
CO2 emissions impulse,2202,MAGICC 6.0,0.0188676,0.0130351
CO2 emissions impulse,2203,MAGICC 6.0,0.0188579,0.0130336
CO2 emissions impulse,2204,MAGICC 6.0,0.0188482,0.0130321
CO2 emissions impulse,2205,MAGICC 6.0,0.0188387,0.0130306
CO2 emissions impulse,2206,MAGICC 6.0,0.0188292,0.0130292
CO2 emissions impulse,2207,MAGICC 6.0,0.0188196,0.0130277
CO2 emissions impulse,2208,MAGICC 6.0,0.0188101,0.0130261
CO2 emissions impulse,2209,MAGICC 6.0,0.0188006,0.0130246
CO2 emissions impulse,2210,MAGICC 6.0,0.0187911,0.0130231
CO2 emissions impulse,2211,MAGICC 6.0,0.0187817,0.0130216
CO2 emissions impulse,2212,MAGICC 6.0,0.0187723,0.0130201
CO2 emissions impulse,2213,MAGICC 6.0,0.0187629,0.0130185
CO2 emissions impulse,2214,MAGICC 6.0,0.0187536,0.013017
CO2 emissions impulse,2215,MAGICC 6.0,0.0187442,0.0130154
CO2 emissions impulse,2216,MAGICC 6.0,0.0187349,0.0130139
CO2 emissions impulse,2217,MAGICC 6.0,0.0187256,0.0130123
CO2 emissions impulse,2218,MAGICC 6.0,0.0187163,0.0130107
CO2 emissions impulse,2219,MAGICC 6.0,0.0187071,0.0130091
CO2 emissions impulse,2220,MAGICC 6.0,0.0186978,0.0130075
CO2 emissions impulse,2221,MAGICC 6.0,0.0186886,0.013006
CO2 emissions impulse,2222,MAGICC 6.0,0.0186795,0.0130043
CO2 emissions impulse,2223,MAGICC 6.0,0.0186703,0.0130028
CO2 emissions impulse,2224,MAGICC 6.0,0.0186611,0.0130012
CO2 emissions impulse,2225,MAGICC 6.0,0.018652,0.0129995
CO2 emissions impulse,2226,MAGICC 6.0,0.0186429,0.0129979
CO2 emissions impulse,2227,MAGICC 6.0,0.0186338,0.0129962
CO2 emissions impulse,2228,MAGICC 6.0,0.0186247,0.0129946
CO2 emissions impulse,2229,MAGICC 6.0,0.0186156,0.0129929
CO2 emissions impulse,2230,MAGICC 6.0,0.0186066,0.0129913
CO2 emissions impulse,2231,MAGICC 6.0,0.0185976,0.0129897
CO2 emissions impulse,2232,MAGICC 6.0,0.0185886,0.012988
CO2 emissions impulse,2233,MAGICC 6.0,0.0185797,0.0129863
CO2 emissions impulse,2234,MAGICC 6.0,0.0185707,0.0129846
CO2 emissions impulse,2235,MAGICC 6.0,0.0185617,0.0129829
CO2 emissions impulse,2236,MAGICC 6.0,0.0185528,0.0129812
CO2 emissions impulse,2237,MAGICC 6.0,0.0185438,0.0129794
CO2 emissions impulse,2238,MAGICC 6.0,0.018535,0.0129777
CO2 emissions impulse,2239,MAGICC 6.0,0.0185261,0.0129759
CO2 emissions impulse,2240,MAGICC 6.0,0.0185172,0.0129743
CO2 emissions impulse,2241,MAGICC 6.0,0.0185083,0.0129725
CO2 emissions impulse,2242,MAGICC 6.0,0.0184995,0.0129708
CO2 emissions impulse,2243,MAGICC 6.0,0.0184907,0.0129689
CO2 emissions impulse,2244,MAGICC 6.0,0.0184819,0.0129672
CO2 emissions impulse,2245,MAGICC 6.0,0.0184731,0.0129654
CO2 emissions impulse,2246,MAGICC 6.0,0.0184644,0.0129636
CO2 emissions impulse,2247,MAGICC 6.0,0.0184556,0.0129618
CO2 emissions impulse,2248,MAGICC 6.0,0.0184469,0.0129601
CO2 emissions impulse,2249,MAGICC 6.0,0.0184381,0.0129583
CO2 emissions impulse,2250,MAGICC 6.0,0.0184338,0.0129577
CO2 emissions impulse,2251,MAGICC 6.0,0.0184338,0.0129581
CO2 emissions impulse,2252,MAGICC 6.0,0.0184338,0.0129588
CO2 emissions impulse,2253,MAGICC 6.0,0.0184338,0.0129598
CO2 emissions impulse,2254,MAGICC 6.0,0.0184338,0.0129612
CO2 emissions impulse,2255,MAGICC 6.0,0.0184338,0.0129626
CO2 emissions impulse,2256,MAGICC 6.0,0.0184338,0.0129642
CO2 emissions impulse,2257,MAGICC 6.0,0.0184338,0.012966
CO2 emissions impulse,2258,MAGICC 6.0,0.0184338,0.0129677
CO2 emissions impulse,2259,MAGICC 6.0,0.0184338,0.0129696
CO2 emissions impulse,2260,MAGICC 6.0,0.0184338,0.0129716
CO2 emissions impulse,2261,MAGICC 6.0,0.0184338,0.0129736
CO2 emissions impulse,2262,MAGICC 6.0,0.0184338,0.0129757
CO2 emissions impulse,2263,MAGICC 6.0,0.0184338,0.0129778
CO2 emissions impulse,2264,MAGICC 6.0,0.0184338,0.01298
CO2 emissions impulse,2265,MAGICC 6.0,0.0184338,0.0129821
CO2 emissions impulse,2266,MAGICC 6.0,0.0184338,0.0129844
CO2 emissions impulse,2267,MAGICC 6.0,0.0184338,0.0129867
CO2 emissions impulse,2268,MAGICC 6.0,0.0184338,0.012989
CO2 emissions impulse,2269,MAGICC 6.0,0.0184338,0.0129913
CO2 emissions impulse,2270,MAGICC 6.0,0.0184338,0.0129937
CO2 emissions impulse,2271,MAGICC 6.0,0.0184338,0.0129961
CO2 emissions impulse,2272,MAGICC 6.0,0.0184338,0.0129984
CO2 emissions impulse,2273,MAGICC 6.0,0.0184338,0.0130009
CO2 emissions impulse,2274,MAGICC 6.0,0.0184338,0.0130033
CO2 emissions impulse,2275,MAGICC 6.0,0.0184338,0.0130057
CO2 emissions impulse,2276,MAGICC 6.0,0.0184338,0.0130082
CO2 emissions impulse,2277,MAGICC 6.0,0.0184338,0.0130106
CO2 emissions impulse,2278,MAGICC 6.0,0.0184338,0.0130132
CO2 emissions impulse,2279,MAGICC 6.0,0.0184338,0.0130156
CO2 emissions impulse,2280,MAGICC 6.0,0.0184338,0.0130181
CO2 emissions impulse,2281,MAGICC 6.0,0.0184338,0.0130206
CO2 emissions impulse,2282,MAGICC 6.0,0.0184338,0.0130231
CO2 emissions impulse,2283,MAGICC 6.0,0.0184338,0.0130256
CO2 emissions impulse,2284,MAGICC 6.0,0.0184338,0.0130282
CO2 emissions impulse,2285,MAGICC 6.0,0.0184338,0.0130307
CO2 emissions impulse,2286,MAGICC 6.0,0.0184338,0.0130332
CO2 emissions impulse,2287,MAGICC 6.0,0.0184338,0.0130357
CO2 emissions impulse,2288,MAGICC 6.0,0.0184338,0.0130383
CO2 emissions impulse,2289,MAGICC 6.0,0.0184338,0.0130408
CO2 emissions impulse,2290,MAGICC 6.0,0.0184338,0.0130434
CO2 emissions impulse,2291,MAGICC 6.0,0.0184338,0.0130459
CO2 emissions impulse,2292,MAGICC 6.0,0.0184338,0.0130484
CO2 emissions impulse,2293,MAGICC 6.0,0.0184338,0.013051
CO2 emissions impulse,2294,MAGICC 6.0,0.0184338,0.0130536
CO2 emissions impulse,2295,MAGICC 6.0,0.0184338,0.0130561
CO2 emissions impulse,2296,MAGICC 6.0,0.0184338,0.0130587
CO2 emissions impulse,2297,MAGICC 6.0,0.0184338,0.0130612
CO2 emissions impulse,2298,MAGICC 6.0,0.0184338,0.0130638
CO2 emissions impulse,2299,MAGICC 6.0,0.0184338,0.0130664
CO2 emissions impulse,2300,MAGICC 6.0,0.0184338,0.0130689
