Experiment ,Time,Model,Total forcing response,Temperature response
CO2 concentration impulse,2010,Hector v2.0,0,0
CO2 concentration impulse,2011,Hector v2.0,0,0
CO2 concentration impulse,2012,Hector v2.0,0,0
CO2 concentration impulse,2013,Hector v2.0,0,0
CO2 concentration impulse,2014,Hector v2.0,0,0
CO2 concentration impulse,2015,Hector v2.0,2.1692384,0.18778
CO2 concentration impulse,2016,Hector v2.0,0,0.15765
CO2 concentration impulse,2017,Hector v2.0,0,0.1125
CO2 concentration impulse,2018,Hector v2.0,0,0.08527
CO2 concentration impulse,2019,Hector v2.0,0,0.0675
CO2 concentration impulse,2020,Hector v2.0,0,0.05521
CO2 concentration impulse,2021,Hector v2.0,0,0.04632
CO2 concentration impulse,2022,Hector v2.0,0,0.03966
CO2 concentration impulse,2023,Hector v2.0,0,0.03452
CO2 concentration impulse,2024,Hector v2.0,0,0.03046
CO2 concentration impulse,2025,Hector v2.0,0,0.0272
CO2 concentration impulse,2026,Hector v2.0,0,0.02451
CO2 concentration impulse,2027,Hector v2.0,0,0.02226
CO2 concentration impulse,2028,Hector v2.0,0,0.02037
CO2 concentration impulse,2029,Hector v2.0,0,0.01875
CO2 concentration impulse,2030,Hector v2.0,0,0.01736
CO2 concentration impulse,2031,Hector v2.0,0,0.01614
CO2 concentration impulse,2032,Hector v2.0,0,0.01507
CO2 concentration impulse,2033,Hector v2.0,0,0.01412
CO2 concentration impulse,2034,Hector v2.0,0,0.01328
CO2 concentration impulse,2035,Hector v2.0,0,0.01252
CO2 concentration impulse,2036,Hector v2.0,0,0.01183
CO2 concentration impulse,2037,Hector v2.0,0,0.01122
CO2 concentration impulse,2038,Hector v2.0,0,0.01066
CO2 concentration impulse,2039,Hector v2.0,0,0.01014
CO2 concentration impulse,2040,Hector v2.0,0,0.00967
CO2 concentration impulse,2041,Hector v2.0,0,0.00924
CO2 concentration impulse,2042,Hector v2.0,0,0.00884
CO2 concentration impulse,2043,Hector v2.0,0,0.00847
CO2 concentration impulse,2044,Hector v2.0,0,0.00813
CO2 concentration impulse,2045,Hector v2.0,0,0.0078
CO2 concentration impulse,2046,Hector v2.0,0,0.00751
CO2 concentration impulse,2047,Hector v2.0,0,0.00723
CO2 concentration impulse,2048,Hector v2.0,0,0.00697
CO2 concentration impulse,2049,Hector v2.0,0,0.00673
CO2 concentration impulse,2050,Hector v2.0,0,0.00649
CO2 concentration impulse,2051,Hector v2.0,0,0.00627
CO2 concentration impulse,2052,Hector v2.0,0,0.00608
CO2 concentration impulse,2053,Hector v2.0,0,0.00589
CO2 concentration impulse,2054,Hector v2.0,0,0.0057
CO2 concentration impulse,2055,Hector v2.0,0,0.00553
CO2 concentration impulse,2056,Hector v2.0,0,0.00537
CO2 concentration impulse,2057,Hector v2.0,0,0.00521
CO2 concentration impulse,2058,Hector v2.0,0,0.00506
CO2 concentration impulse,2059,Hector v2.0,0,0.00492
CO2 concentration impulse,2060,Hector v2.0,0,0.00478
CO2 concentration impulse,2061,Hector v2.0,0,0.00466
CO2 concentration impulse,2062,Hector v2.0,0,0.00454
CO2 concentration impulse,2063,Hector v2.0,0,0.00442
CO2 concentration impulse,2064,Hector v2.0,0,0.00431
CO2 concentration impulse,2065,Hector v2.0,0,0.0042
CO2 concentration impulse,2066,Hector v2.0,0,0.0041
CO2 concentration impulse,2067,Hector v2.0,0,0.004
CO2 concentration impulse,2068,Hector v2.0,0,0.00391
CO2 concentration impulse,2069,Hector v2.0,0,0.00382
CO2 concentration impulse,2070,Hector v2.0,0,0.00373
CO2 concentration impulse,2071,Hector v2.0,0,0.00365
CO2 concentration impulse,2072,Hector v2.0,0,0.00357
CO2 concentration impulse,2073,Hector v2.0,0,0.0035
CO2 concentration impulse,2074,Hector v2.0,0,0.00342
CO2 concentration impulse,2075,Hector v2.0,0,0.00335
CO2 concentration impulse,2076,Hector v2.0,0,0.00328
CO2 concentration impulse,2077,Hector v2.0,0,0.00321
CO2 concentration impulse,2078,Hector v2.0,0,0.00315
CO2 concentration impulse,2079,Hector v2.0,0,0.00308
CO2 concentration impulse,2080,Hector v2.0,0,0.00303
CO2 concentration impulse,2081,Hector v2.0,0,0.00297
CO2 concentration impulse,2082,Hector v2.0,0,0.00291
CO2 concentration impulse,2083,Hector v2.0,0,0.00285
CO2 concentration impulse,2084,Hector v2.0,0,0.00281
CO2 concentration impulse,2085,Hector v2.0,0,0.00275
CO2 concentration impulse,2086,Hector v2.0,0,0.0027
CO2 concentration impulse,2087,Hector v2.0,0,0.00265
CO2 concentration impulse,2088,Hector v2.0,0,0.00261
CO2 concentration impulse,2089,Hector v2.0,0,0.00257
CO2 concentration impulse,2090,Hector v2.0,0,0.00252
CO2 concentration impulse,2091,Hector v2.0,0,0.00247
CO2 concentration impulse,2092,Hector v2.0,0,0.00244
CO2 concentration impulse,2093,Hector v2.0,0,0.00239
CO2 concentration impulse,2094,Hector v2.0,0,0.00235
CO2 concentration impulse,2095,Hector v2.0,0,0.00232
CO2 concentration impulse,2096,Hector v2.0,0,0.00228
CO2 concentration impulse,2097,Hector v2.0,0,0.00224
CO2 concentration impulse,2098,Hector v2.0,0,0.0022
CO2 concentration impulse,2099,Hector v2.0,0,0.00218
CO2 concentration impulse,2100,Hector v2.0,0,0.00214
CO2 concentration impulse,2101,Hector v2.0,0,0.00211
CO2 concentration impulse,2102,Hector v2.0,0,0.00208
CO2 concentration impulse,2103,Hector v2.0,0,0.00205
CO2 concentration impulse,2104,Hector v2.0,0,0.00202
CO2 concentration impulse,2105,Hector v2.0,0,0.00198
CO2 concentration impulse,2106,Hector v2.0,0,0.00196
CO2 concentration impulse,2107,Hector v2.0,0,0.00193
CO2 concentration impulse,2108,Hector v2.0,0,0.0019
CO2 concentration impulse,2109,Hector v2.0,0,0.00188
CO2 concentration impulse,2110,Hector v2.0,0,0.00185
CO2 concentration impulse,2111,Hector v2.0,0,0.00182
CO2 concentration impulse,2112,Hector v2.0,0,0.0018
CO2 concentration impulse,2113,Hector v2.0,0,0.00177
CO2 concentration impulse,2114,Hector v2.0,0,0.00175
CO2 concentration impulse,2115,Hector v2.0,0,0.00173
CO2 concentration impulse,2116,Hector v2.0,0,0.00171
CO2 concentration impulse,2117,Hector v2.0,0,0.00169
CO2 concentration impulse,2118,Hector v2.0,0,0.00167
CO2 concentration impulse,2119,Hector v2.0,0,0.00164
CO2 concentration impulse,2120,Hector v2.0,0,0.00162
CO2 concentration impulse,2121,Hector v2.0,0,0.00161
CO2 concentration impulse,2122,Hector v2.0,0,0.00158
CO2 concentration impulse,2123,Hector v2.0,0,0.00156
CO2 concentration impulse,2124,Hector v2.0,0,0.00154
CO2 concentration impulse,2125,Hector v2.0,0,0.00152
CO2 concentration impulse,2126,Hector v2.0,0,0.00151
CO2 concentration impulse,2127,Hector v2.0,0,0.00149
CO2 concentration impulse,2128,Hector v2.0,0,0.00147
CO2 concentration impulse,2129,Hector v2.0,0,0.00145
CO2 concentration impulse,2130,Hector v2.0,0,0.00144
CO2 concentration impulse,2131,Hector v2.0,0,0.00142
CO2 concentration impulse,2132,Hector v2.0,0,0.0014
CO2 concentration impulse,2133,Hector v2.0,0,0.00139
CO2 concentration impulse,2134,Hector v2.0,0,0.00137
CO2 concentration impulse,2135,Hector v2.0,0,0.00136
CO2 concentration impulse,2136,Hector v2.0,0,0.00135
CO2 concentration impulse,2137,Hector v2.0,0,0.00132
CO2 concentration impulse,2138,Hector v2.0,0,0.00131
CO2 concentration impulse,2139,Hector v2.0,0,0.0013
CO2 concentration impulse,2140,Hector v2.0,0,0.00129
CO2 concentration impulse,2141,Hector v2.0,0,0.00127
CO2 concentration impulse,2142,Hector v2.0,0,0.00126
CO2 concentration impulse,2143,Hector v2.0,0,0.00125
CO2 concentration impulse,2144,Hector v2.0,0,0.00123
CO2 concentration impulse,2145,Hector v2.0,0,0.00121
CO2 concentration impulse,2146,Hector v2.0,0,0.0012
CO2 concentration impulse,2147,Hector v2.0,0,0.0012
CO2 concentration impulse,2148,Hector v2.0,0,0.00118
CO2 concentration impulse,2149,Hector v2.0,0,0.00117
CO2 concentration impulse,2150,Hector v2.0,0,0.00116
CO2 concentration impulse,2151,Hector v2.0,0,0.00114
CO2 concentration impulse,2152,Hector v2.0,0,0.00114
CO2 concentration impulse,2153,Hector v2.0,0,0.00113
CO2 concentration impulse,2154,Hector v2.0,0,0.00111
CO2 concentration impulse,2155,Hector v2.0,0,0.00111
CO2 concentration impulse,2156,Hector v2.0,0,0.00109
CO2 concentration impulse,2157,Hector v2.0,0,0.00108
CO2 concentration impulse,2158,Hector v2.0,0,0.00107
CO2 concentration impulse,2159,Hector v2.0,0,0.00106
CO2 concentration impulse,2160,Hector v2.0,0,0.00105
CO2 concentration impulse,2161,Hector v2.0,0,0.00104
CO2 concentration impulse,2162,Hector v2.0,0,0.00103
CO2 concentration impulse,2163,Hector v2.0,0,0.00102
CO2 concentration impulse,2164,Hector v2.0,0,0.00101
CO2 concentration impulse,2165,Hector v2.0,0,0.001
CO2 concentration impulse,2166,Hector v2.0,0,0.00099
CO2 concentration impulse,2167,Hector v2.0,0,0.00098
CO2 concentration impulse,2168,Hector v2.0,0,0.00098
CO2 concentration impulse,2169,Hector v2.0,0,0.00097
CO2 concentration impulse,2170,Hector v2.0,0,0.00096
CO2 concentration impulse,2171,Hector v2.0,0,0.00095
CO2 concentration impulse,2172,Hector v2.0,0,0.00095
CO2 concentration impulse,2173,Hector v2.0,0,0.00094
CO2 concentration impulse,2174,Hector v2.0,0,0.00092
CO2 concentration impulse,2175,Hector v2.0,0,0.00092
CO2 concentration impulse,2176,Hector v2.0,0,0.00091
CO2 concentration impulse,2177,Hector v2.0,0,0.00091
CO2 concentration impulse,2178,Hector v2.0,0,0.0009
CO2 concentration impulse,2179,Hector v2.0,0,0.00089
CO2 concentration impulse,2180,Hector v2.0,0,0.00088
CO2 concentration impulse,2181,Hector v2.0,0,0.00088
CO2 concentration impulse,2182,Hector v2.0,0,0.00087
CO2 concentration impulse,2183,Hector v2.0,0,0.00086
CO2 concentration impulse,2184,Hector v2.0,0,0.00086
CO2 concentration impulse,2185,Hector v2.0,0,0.00085
CO2 concentration impulse,2186,Hector v2.0,0,0.00084
CO2 concentration impulse,2187,Hector v2.0,0,0.00084
CO2 concentration impulse,2188,Hector v2.0,0,0.00083
CO2 concentration impulse,2189,Hector v2.0,0,0.00082
CO2 concentration impulse,2190,Hector v2.0,0,0.00081
CO2 concentration impulse,2191,Hector v2.0,0,0.00081
CO2 concentration impulse,2192,Hector v2.0,0,0.0008
CO2 concentration impulse,2193,Hector v2.0,0,0.0008
CO2 concentration impulse,2194,Hector v2.0,0,0.00079
CO2 concentration impulse,2195,Hector v2.0,0,0.00078
CO2 concentration impulse,2196,Hector v2.0,0,0.00078
CO2 concentration impulse,2197,Hector v2.0,0,0.00077
CO2 concentration impulse,2198,Hector v2.0,0,0.00076
CO2 concentration impulse,2199,Hector v2.0,0,0.00076
CO2 concentration impulse,2200,Hector v2.0,0,0.00075
CO2 concentration impulse,2201,Hector v2.0,0,0.00075
CO2 concentration impulse,2202,Hector v2.0,0,0.00074
CO2 concentration impulse,2203,Hector v2.0,0,0.00074
CO2 concentration impulse,2204,Hector v2.0,0,0.00073
CO2 concentration impulse,2205,Hector v2.0,0,0.00073
CO2 concentration impulse,2206,Hector v2.0,0,0.00072
CO2 concentration impulse,2207,Hector v2.0,0,0.00072
CO2 concentration impulse,2208,Hector v2.0,0,0.00071
CO2 concentration impulse,2209,Hector v2.0,0,0.0007
CO2 concentration impulse,2210,Hector v2.0,0,0.0007
CO2 concentration impulse,2211,Hector v2.0,0,0.00069
CO2 concentration impulse,2212,Hector v2.0,0,0.00069
CO2 concentration impulse,2213,Hector v2.0,0,0.00068
CO2 concentration impulse,2214,Hector v2.0,0,0.00068
CO2 concentration impulse,2215,Hector v2.0,0,0.00067
CO2 concentration impulse,2216,Hector v2.0,0,0.00068
CO2 concentration impulse,2217,Hector v2.0,0,0.00067
CO2 concentration impulse,2218,Hector v2.0,0,0.00066
CO2 concentration impulse,2219,Hector v2.0,0,0.00066
CO2 concentration impulse,2220,Hector v2.0,0,0.00066
CO2 concentration impulse,2221,Hector v2.0,0,0.00065
CO2 concentration impulse,2222,Hector v2.0,0,0.00065
CO2 concentration impulse,2223,Hector v2.0,0,0.00064
CO2 concentration impulse,2224,Hector v2.0,0,0.00064
CO2 concentration impulse,2225,Hector v2.0,0,0.00063
CO2 concentration impulse,2226,Hector v2.0,0,0.00063
CO2 concentration impulse,2227,Hector v2.0,0,0.00062
CO2 concentration impulse,2228,Hector v2.0,0,0.00062
CO2 concentration impulse,2229,Hector v2.0,0,0.00061
CO2 concentration impulse,2230,Hector v2.0,0,0.00061
CO2 concentration impulse,2231,Hector v2.0,0,0.00061
CO2 concentration impulse,2232,Hector v2.0,0,0.00061
CO2 concentration impulse,2233,Hector v2.0,0,0.0006
CO2 concentration impulse,2234,Hector v2.0,0,0.00059
CO2 concentration impulse,2235,Hector v2.0,0,0.00059
CO2 concentration impulse,2236,Hector v2.0,0,0.00059
CO2 concentration impulse,2237,Hector v2.0,0,0.00059
CO2 concentration impulse,2238,Hector v2.0,0,0.00058
CO2 concentration impulse,2239,Hector v2.0,0,0.00058
CO2 concentration impulse,2240,Hector v2.0,0,0.00058
CO2 concentration impulse,2241,Hector v2.0,0,0.00057
CO2 concentration impulse,2242,Hector v2.0,0,0.00057
CO2 concentration impulse,2243,Hector v2.0,0,0.00057
CO2 concentration impulse,2244,Hector v2.0,0,0.00056
CO2 concentration impulse,2245,Hector v2.0,0,0.00056
CO2 concentration impulse,2246,Hector v2.0,0,0.00055
CO2 concentration impulse,2247,Hector v2.0,0,0.00055
CO2 concentration impulse,2248,Hector v2.0,0,0.00055
CO2 concentration impulse,2249,Hector v2.0,0,0.00055
CO2 concentration impulse,2250,Hector v2.0,0,0.00054
CO2 concentration impulse,2251,Hector v2.0,0,0.00053
CO2 concentration impulse,2252,Hector v2.0,0,0.00054
CO2 concentration impulse,2253,Hector v2.0,0,0.00053
CO2 concentration impulse,2254,Hector v2.0,0,0.00052
CO2 concentration impulse,2255,Hector v2.0,0,0.00053
CO2 concentration impulse,2256,Hector v2.0,0,0.00053
CO2 concentration impulse,2257,Hector v2.0,0,0.00052
CO2 concentration impulse,2258,Hector v2.0,0,0.00051
CO2 concentration impulse,2259,Hector v2.0,0,0.00051
CO2 concentration impulse,2260,Hector v2.0,0,0.00051
CO2 concentration impulse,2261,Hector v2.0,0,0.00051
CO2 concentration impulse,2262,Hector v2.0,0,0.00051
CO2 concentration impulse,2263,Hector v2.0,0,0.0005
CO2 concentration impulse,2264,Hector v2.0,0,0.0005
CO2 concentration impulse,2265,Hector v2.0,0,0.00049
CO2 concentration impulse,2266,Hector v2.0,0,0.00049
CO2 concentration impulse,2267,Hector v2.0,0,0.00049
CO2 concentration impulse,2268,Hector v2.0,0,0.00049
CO2 concentration impulse,2269,Hector v2.0,0,0.00049
CO2 concentration impulse,2270,Hector v2.0,0,0.00048
CO2 concentration impulse,2271,Hector v2.0,0,0.00048
CO2 concentration impulse,2272,Hector v2.0,0,0.00048
CO2 concentration impulse,2273,Hector v2.0,0,0.00048
CO2 concentration impulse,2274,Hector v2.0,0,0.00047
CO2 concentration impulse,2275,Hector v2.0,0,0.00047
CO2 concentration impulse,2276,Hector v2.0,0,0.00047
CO2 concentration impulse,2277,Hector v2.0,0,0.00046
CO2 concentration impulse,2278,Hector v2.0,0,0.00046
CO2 concentration impulse,2279,Hector v2.0,0,0.00046
CO2 concentration impulse,2280,Hector v2.0,0,0.00046
CO2 concentration impulse,2281,Hector v2.0,0,0.00045
CO2 concentration impulse,2282,Hector v2.0,0,0.00045
CO2 concentration impulse,2283,Hector v2.0,0,0.00045
CO2 concentration impulse,2284,Hector v2.0,0,0.00045
CO2 concentration impulse,2285,Hector v2.0,0,0.00044
CO2 concentration impulse,2286,Hector v2.0,0,0.00044
CO2 concentration impulse,2287,Hector v2.0,0,0.00044
CO2 concentration impulse,2288,Hector v2.0,0,0.00044
CO2 concentration impulse,2289,Hector v2.0,0,0.00043
CO2 concentration impulse,2290,Hector v2.0,0,0.00043
CO2 concentration impulse,2291,Hector v2.0,0,0.00043
CO2 concentration impulse,2292,Hector v2.0,0,0.00043
CO2 concentration impulse,2293,Hector v2.0,0,0.00043
CO2 concentration impulse,2294,Hector v2.0,0,0.00043
CO2 concentration impulse,2295,Hector v2.0,0,0.00043
CO2 concentration impulse,2296,Hector v2.0,0,0.00042
CO2 concentration impulse,2297,Hector v2.0,0,0.00042
CO2 concentration impulse,2298,Hector v2.0,0,0.00041
CO2 concentration impulse,2299,Hector v2.0,0,0.00041
CO2 concentration impulse,2300,Hector v2.0,0,0.00041
CO2 concentration impulse,2010,MAGICC 5.3,0,0
CO2 concentration impulse,2011,MAGICC 5.3,0,0
CO2 concentration impulse,2012,MAGICC 5.3,0,0
CO2 concentration impulse,2013,MAGICC 5.3,0,0
CO2 concentration impulse,2014,MAGICC 5.3,0,0
CO2 concentration impulse,2015,MAGICC 5.3,2.16924,0.132768
CO2 concentration impulse,2016,MAGICC 5.3,0,0.284619
CO2 concentration impulse,2017,MAGICC 5.3,0,0.1009
CO2 concentration impulse,2018,MAGICC 5.3,0,0.07118
CO2 concentration impulse,2019,MAGICC 5.3,0,0.05574
CO2 concentration impulse,2020,MAGICC 5.3,0,0.04583
CO2 concentration impulse,2021,MAGICC 5.3,0,0.03885
CO2 concentration impulse,2022,MAGICC 5.3,0,0.03366
CO2 concentration impulse,2023,MAGICC 5.3,0,0.02965
CO2 concentration impulse,2024,MAGICC 5.3,0,0.02644
CO2 concentration impulse,2025,MAGICC 5.3,0,0.02382
CO2 concentration impulse,2026,MAGICC 5.3,0,0.02165
CO2 concentration impulse,2027,MAGICC 5.3,0,0.01983
CO2 concentration impulse,2028,MAGICC 5.3,0,0.01825
CO2 concentration impulse,2029,MAGICC 5.3,0,0.01689
CO2 concentration impulse,2030,MAGICC 5.3,0,0.01571
CO2 concentration impulse,2031,MAGICC 5.3,0,0.01468
CO2 concentration impulse,2032,MAGICC 5.3,0,0.01375
CO2 concentration impulse,2033,MAGICC 5.3,0,0.01293
CO2 concentration impulse,2034,MAGICC 5.3,0,0.01219
CO2 concentration impulse,2035,MAGICC 5.3,0,0.01153
CO2 concentration impulse,2036,MAGICC 5.3,0,0.01092
CO2 concentration impulse,2037,MAGICC 5.3,0,0.01037
CO2 concentration impulse,2038,MAGICC 5.3,0,0.00988
CO2 concentration impulse,2039,MAGICC 5.3,0,0.00941
CO2 concentration impulse,2040,MAGICC 5.3,0,0.00899
CO2 concentration impulse,2041,MAGICC 5.3,0,0.0086
CO2 concentration impulse,2042,MAGICC 5.3,0,0.00825
CO2 concentration impulse,2043,MAGICC 5.3,0,0.00791
CO2 concentration impulse,2044,MAGICC 5.3,0,0.0076
CO2 concentration impulse,2045,MAGICC 5.3,0,0.00732
CO2 concentration impulse,2046,MAGICC 5.3,0,0.00704
CO2 concentration impulse,2047,MAGICC 5.3,0,0.00679
CO2 concentration impulse,2048,MAGICC 5.3,0,0.00655
CO2 concentration impulse,2049,MAGICC 5.3,0,0.00633
CO2 concentration impulse,2050,MAGICC 5.3,0,0.00612
CO2 concentration impulse,2051,MAGICC 5.3,0,0.00592
CO2 concentration impulse,2052,MAGICC 5.3,0,0.00574
CO2 concentration impulse,2053,MAGICC 5.3,0,0.00556
CO2 concentration impulse,2054,MAGICC 5.3,0,0.00539
CO2 concentration impulse,2055,MAGICC 5.3,0,0.00524
CO2 concentration impulse,2056,MAGICC 5.3,0,0.00509
CO2 concentration impulse,2057,MAGICC 5.3,0,0.00494
CO2 concentration impulse,2058,MAGICC 5.3,0,0.00481
CO2 concentration impulse,2059,MAGICC 5.3,0,0.00468
CO2 concentration impulse,2060,MAGICC 5.3,0,0.00455
CO2 concentration impulse,2061,MAGICC 5.3,0,0.00443
CO2 concentration impulse,2062,MAGICC 5.3,0,0.00432
CO2 concentration impulse,2063,MAGICC 5.3,0,0.00422
CO2 concentration impulse,2064,MAGICC 5.3,0,0.00412
CO2 concentration impulse,2065,MAGICC 5.3,0,0.00402
CO2 concentration impulse,2066,MAGICC 5.3,0,0.00393
CO2 concentration impulse,2067,MAGICC 5.3,0,0.00383
CO2 concentration impulse,2068,MAGICC 5.3,0,0.00374
CO2 concentration impulse,2069,MAGICC 5.3,0,0.00366
CO2 concentration impulse,2070,MAGICC 5.3,0,0.00358
CO2 concentration impulse,2071,MAGICC 5.3,0,0.00351
CO2 concentration impulse,2072,MAGICC 5.3,0,0.00343
CO2 concentration impulse,2073,MAGICC 5.3,0,0.00336
CO2 concentration impulse,2074,MAGICC 5.3,0,0.00329
CO2 concentration impulse,2075,MAGICC 5.3,0,0.00323
CO2 concentration impulse,2076,MAGICC 5.3,0,0.00316
CO2 concentration impulse,2077,MAGICC 5.3,0,0.0031
CO2 concentration impulse,2078,MAGICC 5.3,0,0.00304
CO2 concentration impulse,2079,MAGICC 5.3,0,0.00299
CO2 concentration impulse,2080,MAGICC 5.3,0,0.00292
CO2 concentration impulse,2081,MAGICC 5.3,0,0.00287
CO2 concentration impulse,2082,MAGICC 5.3,0,0.00283
CO2 concentration impulse,2083,MAGICC 5.3,0,0.00277
CO2 concentration impulse,2084,MAGICC 5.3,0,0.00273
CO2 concentration impulse,2085,MAGICC 5.3,0,0.00267
CO2 concentration impulse,2086,MAGICC 5.3,0,0.00263
CO2 concentration impulse,2087,MAGICC 5.3,0,0.00259
CO2 concentration impulse,2088,MAGICC 5.3,0,0.00254
CO2 concentration impulse,2089,MAGICC 5.3,0,0.0025
CO2 concentration impulse,2090,MAGICC 5.3,0,0.00246
CO2 concentration impulse,2091,MAGICC 5.3,0,0.00242
CO2 concentration impulse,2092,MAGICC 5.3,0,0.00238
CO2 concentration impulse,2093,MAGICC 5.3,0,0.00235
CO2 concentration impulse,2094,MAGICC 5.3,0,0.00231
CO2 concentration impulse,2095,MAGICC 5.3,0,0.00227
CO2 concentration impulse,2096,MAGICC 5.3,0,0.00225
CO2 concentration impulse,2097,MAGICC 5.3,0,0.00221
CO2 concentration impulse,2098,MAGICC 5.3,0,0.00217
CO2 concentration impulse,2099,MAGICC 5.3,0,0.00215
CO2 concentration impulse,2100,MAGICC 5.3,0,0.00211
CO2 concentration impulse,2101,MAGICC 5.3,0,0.00209
CO2 concentration impulse,2102,MAGICC 5.3,0,0.00206
CO2 concentration impulse,2103,MAGICC 5.3,0,0.00203
CO2 concentration impulse,2104,MAGICC 5.3,0,0.002
CO2 concentration impulse,2105,MAGICC 5.3,0,0.00198
CO2 concentration impulse,2106,MAGICC 5.3,0,0.00195
CO2 concentration impulse,2107,MAGICC 5.3,0,0.00192
CO2 concentration impulse,2108,MAGICC 5.3,0,0.0019
CO2 concentration impulse,2109,MAGICC 5.3,0,0.00187
CO2 concentration impulse,2110,MAGICC 5.3,0,0.00185
CO2 concentration impulse,2111,MAGICC 5.3,0,0.00183
CO2 concentration impulse,2112,MAGICC 5.3,0,0.0018
CO2 concentration impulse,2113,MAGICC 5.3,0,0.00178
CO2 concentration impulse,2114,MAGICC 5.3,0,0.00176
CO2 concentration impulse,2115,MAGICC 5.3,0,0.00174
CO2 concentration impulse,2116,MAGICC 5.3,0,0.00171
CO2 concentration impulse,2117,MAGICC 5.3,0,0.00169
CO2 concentration impulse,2118,MAGICC 5.3,0,0.00167
CO2 concentration impulse,2119,MAGICC 5.3,0,0.00166
CO2 concentration impulse,2120,MAGICC 5.3,0,0.00164
CO2 concentration impulse,2121,MAGICC 5.3,0,0.00162
CO2 concentration impulse,2122,MAGICC 5.3,0,0.0016
CO2 concentration impulse,2123,MAGICC 5.3,0,0.00158
CO2 concentration impulse,2124,MAGICC 5.3,0,0.00157
CO2 concentration impulse,2125,MAGICC 5.3,0,0.00155
CO2 concentration impulse,2126,MAGICC 5.3,0,0.00153
CO2 concentration impulse,2127,MAGICC 5.3,0,0.00152
CO2 concentration impulse,2128,MAGICC 5.3,0,0.0015
CO2 concentration impulse,2129,MAGICC 5.3,0,0.00149
CO2 concentration impulse,2130,MAGICC 5.3,0,0.00147
CO2 concentration impulse,2131,MAGICC 5.3,0,0.00145
CO2 concentration impulse,2132,MAGICC 5.3,0,0.00144
CO2 concentration impulse,2133,MAGICC 5.3,0,0.00142
CO2 concentration impulse,2134,MAGICC 5.3,0,0.00141
CO2 concentration impulse,2135,MAGICC 5.3,0,0.0014
CO2 concentration impulse,2136,MAGICC 5.3,0,0.00138
CO2 concentration impulse,2137,MAGICC 5.3,0,0.00137
CO2 concentration impulse,2138,MAGICC 5.3,0,0.00136
CO2 concentration impulse,2139,MAGICC 5.3,0,0.00134
CO2 concentration impulse,2140,MAGICC 5.3,0,0.00133
CO2 concentration impulse,2141,MAGICC 5.3,0,0.00132
CO2 concentration impulse,2142,MAGICC 5.3,0,0.00131
CO2 concentration impulse,2143,MAGICC 5.3,0,0.00129
CO2 concentration impulse,2144,MAGICC 5.3,0,0.00128
CO2 concentration impulse,2145,MAGICC 5.3,0,0.00127
CO2 concentration impulse,2146,MAGICC 5.3,0,0.00126
CO2 concentration impulse,2147,MAGICC 5.3,0,0.00125
CO2 concentration impulse,2148,MAGICC 5.3,0,0.00124
CO2 concentration impulse,2149,MAGICC 5.3,0,0.00122
CO2 concentration impulse,2150,MAGICC 5.3,0,0.00122
CO2 concentration impulse,2151,MAGICC 5.3,0,0.00121
CO2 concentration impulse,2152,MAGICC 5.3,0,0.0012
CO2 concentration impulse,2153,MAGICC 5.3,0,0.00118
CO2 concentration impulse,2154,MAGICC 5.3,0,0.00118
CO2 concentration impulse,2155,MAGICC 5.3,0,0.00117
CO2 concentration impulse,2156,MAGICC 5.3,0,0.00116
CO2 concentration impulse,2157,MAGICC 5.3,0,0.00115
CO2 concentration impulse,2158,MAGICC 5.3,0,0.00114
CO2 concentration impulse,2159,MAGICC 5.3,0,0.00113
CO2 concentration impulse,2160,MAGICC 5.3,0,0.00112
CO2 concentration impulse,2161,MAGICC 5.3,0,0.00111
CO2 concentration impulse,2162,MAGICC 5.3,0,0.0011
CO2 concentration impulse,2163,MAGICC 5.3,0,0.00109
CO2 concentration impulse,2164,MAGICC 5.3,0,0.00109
CO2 concentration impulse,2165,MAGICC 5.3,0,0.00108
CO2 concentration impulse,2166,MAGICC 5.3,0,0.00107
CO2 concentration impulse,2167,MAGICC 5.3,0,0.00107
CO2 concentration impulse,2168,MAGICC 5.3,0,0.00106
CO2 concentration impulse,2169,MAGICC 5.3,0,0.00105
CO2 concentration impulse,2170,MAGICC 5.3,0,0.00104
CO2 concentration impulse,2171,MAGICC 5.3,0,0.00103
CO2 concentration impulse,2172,MAGICC 5.3,0,0.00103
CO2 concentration impulse,2173,MAGICC 5.3,0,0.00102
CO2 concentration impulse,2174,MAGICC 5.3,0,0.00101
CO2 concentration impulse,2175,MAGICC 5.3,0,0.001
CO2 concentration impulse,2176,MAGICC 5.3,0,0.001
CO2 concentration impulse,2177,MAGICC 5.3,0,0.00099
CO2 concentration impulse,2178,MAGICC 5.3,0,0.00098
CO2 concentration impulse,2179,MAGICC 5.3,0,0.00097
CO2 concentration impulse,2180,MAGICC 5.3,0,0.00097
CO2 concentration impulse,2181,MAGICC 5.3,0,0.00096
CO2 concentration impulse,2182,MAGICC 5.3,0,0.00096
CO2 concentration impulse,2183,MAGICC 5.3,0,0.00095
CO2 concentration impulse,2184,MAGICC 5.3,0,0.00095
CO2 concentration impulse,2185,MAGICC 5.3,0,0.00094
CO2 concentration impulse,2186,MAGICC 5.3,0,0.00093
CO2 concentration impulse,2187,MAGICC 5.3,0,0.00092
CO2 concentration impulse,2188,MAGICC 5.3,0,0.00092
CO2 concentration impulse,2189,MAGICC 5.3,0,0.00091
CO2 concentration impulse,2190,MAGICC 5.3,0,0.00091
CO2 concentration impulse,2191,MAGICC 5.3,0,0.0009
CO2 concentration impulse,2192,MAGICC 5.3,0,0.0009
CO2 concentration impulse,2193,MAGICC 5.3,0,0.00089
CO2 concentration impulse,2194,MAGICC 5.3,0,0.00089
CO2 concentration impulse,2195,MAGICC 5.3,0,0.00088
CO2 concentration impulse,2196,MAGICC 5.3,0,0.00088
CO2 concentration impulse,2197,MAGICC 5.3,0,0.00087
CO2 concentration impulse,2198,MAGICC 5.3,0,0.00087
CO2 concentration impulse,2199,MAGICC 5.3,0,0.00086
CO2 concentration impulse,2200,MAGICC 5.3,0,0.00086
CO2 concentration impulse,2201,MAGICC 5.3,0,0.00085
CO2 concentration impulse,2202,MAGICC 5.3,0,0.00085
CO2 concentration impulse,2203,MAGICC 5.3,0,0.00084
CO2 concentration impulse,2204,MAGICC 5.3,0,0.00084
CO2 concentration impulse,2205,MAGICC 5.3,0,0.00083
CO2 concentration impulse,2206,MAGICC 5.3,0,0.00083
CO2 concentration impulse,2207,MAGICC 5.3,0,0.00082
CO2 concentration impulse,2208,MAGICC 5.3,0,0.00082
CO2 concentration impulse,2209,MAGICC 5.3,0,0.00081
CO2 concentration impulse,2210,MAGICC 5.3,0,0.00081
CO2 concentration impulse,2211,MAGICC 5.3,0,0.0008
CO2 concentration impulse,2212,MAGICC 5.3,0,0.0008
CO2 concentration impulse,2213,MAGICC 5.3,0,0.0008
CO2 concentration impulse,2214,MAGICC 5.3,0,0.00079
CO2 concentration impulse,2215,MAGICC 5.3,0,0.00078
CO2 concentration impulse,2216,MAGICC 5.3,0,0.00078
CO2 concentration impulse,2217,MAGICC 5.3,0,0.00078
CO2 concentration impulse,2218,MAGICC 5.3,0,0.00077
CO2 concentration impulse,2219,MAGICC 5.3,0,0.00078
CO2 concentration impulse,2220,MAGICC 5.3,0,0.00077
CO2 concentration impulse,2221,MAGICC 5.3,0,0.00076
CO2 concentration impulse,2222,MAGICC 5.3,0,0.00076
CO2 concentration impulse,2223,MAGICC 5.3,0,0.00076
CO2 concentration impulse,2224,MAGICC 5.3,0,0.00075
CO2 concentration impulse,2225,MAGICC 5.3,0,0.00075
CO2 concentration impulse,2226,MAGICC 5.3,0,0.00074
CO2 concentration impulse,2227,MAGICC 5.3,0,0.00074
CO2 concentration impulse,2228,MAGICC 5.3,0,0.00074
CO2 concentration impulse,2229,MAGICC 5.3,0,0.00074
CO2 concentration impulse,2230,MAGICC 5.3,0,0.00073
CO2 concentration impulse,2231,MAGICC 5.3,0,0.00072
CO2 concentration impulse,2232,MAGICC 5.3,0,0.00072
CO2 concentration impulse,2233,MAGICC 5.3,0,0.00072
CO2 concentration impulse,2234,MAGICC 5.3,0,0.00071
CO2 concentration impulse,2235,MAGICC 5.3,0,0.00072
CO2 concentration impulse,2236,MAGICC 5.3,0,0.00071
CO2 concentration impulse,2237,MAGICC 5.3,0,0.00071
CO2 concentration impulse,2238,MAGICC 5.3,0,0.0007
CO2 concentration impulse,2239,MAGICC 5.3,0,0.0007
CO2 concentration impulse,2240,MAGICC 5.3,0,0.0007
CO2 concentration impulse,2241,MAGICC 5.3,0,0.0007
CO2 concentration impulse,2242,MAGICC 5.3,0,0.00069
CO2 concentration impulse,2243,MAGICC 5.3,0,0.00069
CO2 concentration impulse,2244,MAGICC 5.3,0,0.00069
CO2 concentration impulse,2245,MAGICC 5.3,0,0.00068
CO2 concentration impulse,2246,MAGICC 5.3,0,0.00068
CO2 concentration impulse,2247,MAGICC 5.3,0,0.00068
CO2 concentration impulse,2248,MAGICC 5.3,0,0.00068
CO2 concentration impulse,2249,MAGICC 5.3,0,0.00067
CO2 concentration impulse,2250,MAGICC 5.3,0,0.00067
CO2 concentration impulse,2251,MAGICC 5.3,0,0.00066
CO2 concentration impulse,2252,MAGICC 5.3,0,0.00066
CO2 concentration impulse,2253,MAGICC 5.3,0,0.00066
CO2 concentration impulse,2254,MAGICC 5.3,0,0.00066
CO2 concentration impulse,2255,MAGICC 5.3,0,0.00065
CO2 concentration impulse,2256,MAGICC 5.3,0,0.00065
CO2 concentration impulse,2257,MAGICC 5.3,0,0.00064
CO2 concentration impulse,2258,MAGICC 5.3,0,0.00064
CO2 concentration impulse,2259,MAGICC 5.3,0,0.00064
CO2 concentration impulse,2260,MAGICC 5.3,0,0.00064
CO2 concentration impulse,2261,MAGICC 5.3,0,0.00064
CO2 concentration impulse,2262,MAGICC 5.3,0,0.00064
CO2 concentration impulse,2263,MAGICC 5.3,0,0.00064
CO2 concentration impulse,2264,MAGICC 5.3,0,0.00063
CO2 concentration impulse,2265,MAGICC 5.3,0,0.00063
CO2 concentration impulse,2266,MAGICC 5.3,0,0.00063
CO2 concentration impulse,2267,MAGICC 5.3,0,0.00062
CO2 concentration impulse,2268,MAGICC 5.3,0,0.00061
CO2 concentration impulse,2269,MAGICC 5.3,0,0.00062
CO2 concentration impulse,2270,MAGICC 5.3,0,0.00062
CO2 concentration impulse,2271,MAGICC 5.3,0,0.00061
CO2 concentration impulse,2272,MAGICC 5.3,0,0.00061
CO2 concentration impulse,2273,MAGICC 5.3,0,0.00061
CO2 concentration impulse,2274,MAGICC 5.3,0,0.00061
CO2 concentration impulse,2275,MAGICC 5.3,0,0.0006
CO2 concentration impulse,2276,MAGICC 5.3,0,0.00061
CO2 concentration impulse,2277,MAGICC 5.3,0,0.0006
CO2 concentration impulse,2278,MAGICC 5.3,0,0.0006
CO2 concentration impulse,2279,MAGICC 5.3,0,0.0006
CO2 concentration impulse,2280,MAGICC 5.3,0,0.00059
CO2 concentration impulse,2281,MAGICC 5.3,0,0.00059
CO2 concentration impulse,2282,MAGICC 5.3,0,0.00059
CO2 concentration impulse,2283,MAGICC 5.3,0,0.00059
CO2 concentration impulse,2284,MAGICC 5.3,0,0.00058
CO2 concentration impulse,2285,MAGICC 5.3,0,0.00058
CO2 concentration impulse,2286,MAGICC 5.3,0,0.00058
CO2 concentration impulse,2287,MAGICC 5.3,0,0.00058
CO2 concentration impulse,2288,MAGICC 5.3,0,0.00058
CO2 concentration impulse,2289,MAGICC 5.3,0,0.00057
CO2 concentration impulse,2290,MAGICC 5.3,0,0.00057
CO2 concentration impulse,2291,MAGICC 5.3,0,0.00057
CO2 concentration impulse,2292,MAGICC 5.3,0,0.00057
CO2 concentration impulse,2293,MAGICC 5.3,0,0.00057
CO2 concentration impulse,2294,MAGICC 5.3,0,0.00057
CO2 concentration impulse,2295,MAGICC 5.3,0,0.00056
CO2 concentration impulse,2296,MAGICC 5.3,0,0.00057
CO2 concentration impulse,2297,MAGICC 5.3,0,0.00056
CO2 concentration impulse,2298,MAGICC 5.3,0,0.00055
CO2 concentration impulse,2299,MAGICC 5.3,0,0.00055
CO2 concentration impulse,2300,MAGICC 5.3,0,0.00055
CO2 concentration impulse,2301,MAGICC 5.3,0,0.00055
CO2 concentration impulse,2302,MAGICC 5.3,0,0.00055
CO2 concentration impulse,2303,MAGICC 5.3,0,0.00055
CO2 concentration impulse,2304,MAGICC 5.3,0,0.00054
CO2 concentration impulse,2305,MAGICC 5.3,0,0.00055
CO2 concentration impulse,2010,MAGICC 6.0,0,0
CO2 concentration impulse,2011,MAGICC 6.0,0,0
CO2 concentration impulse,2012,MAGICC 6.0,0,0
CO2 concentration impulse,2013,MAGICC 6.0,0,0
CO2 concentration impulse,2014,MAGICC 6.0,0,0
CO2 concentration impulse,2015,MAGICC 6.0,2.1702114,0.31760412
CO2 concentration impulse,2016,MAGICC 6.0,-0.00231,0.20733946
CO2 concentration impulse,2017,MAGICC 6.0,-0.0024946,0.1113866
CO2 concentration impulse,2018,MAGICC 6.0,-0.0023714,0.0778738
CO2 concentration impulse,2019,MAGICC 6.0,-0.0017258,0.0600946
CO2 concentration impulse,2020,MAGICC 6.0,-0.0019922,0.0483982
CO2 concentration impulse,2021,MAGICC 6.0,-0.0020896,0.0400389
CO2 concentration impulse,2022,MAGICC 6.0,-0.002052,0.0338193
CO2 concentration impulse,2023,MAGICC 6.0,-0.0020018,0.029045
CO2 concentration impulse,2024,MAGICC 6.0,-0.0019466,0.0252871
CO2 concentration impulse,2025,MAGICC 6.0,-0.0018888,0.022269
CO2 concentration impulse,2026,MAGICC 6.0,-0.0018276,0.0198038
CO2 concentration impulse,2027,MAGICC 6.0,-0.001766,0.0177611
CO2 concentration impulse,2028,MAGICC 6.0,-0.0017036,0.0160473
CO2 concentration impulse,2029,MAGICC 6.0,-0.0016422,0.0145938
CO2 concentration impulse,2030,MAGICC 6.0,-0.0015814,0.0133493
CO2 concentration impulse,2031,MAGICC 6.0,-0.0015228,0.0122744
CO2 concentration impulse,2032,MAGICC 6.0,-0.0014652,0.0113389
CO2 concentration impulse,2033,MAGICC 6.0,-0.0014102,0.0105191
CO2 concentration impulse,2034,MAGICC 6.0,-0.0013572,0.0097961
CO2 concentration impulse,2035,MAGICC 6.0,-0.0013064,0.0091549
CO2 concentration impulse,2036,MAGICC 6.0,-0.0012578,0.0085832
CO2 concentration impulse,2037,MAGICC 6.0,-0.0012114,0.008071
CO2 concentration impulse,2038,MAGICC 6.0,-0.0011674,0.0076101
CO2 concentration impulse,2039,MAGICC 6.0,-0.0011254,0.0071934
CO2 concentration impulse,2040,MAGICC 6.0,-0.0010858,0.0068156
CO2 concentration impulse,2041,MAGICC 6.0,-0.0010482,0.0064713
CO2 concentration impulse,2042,MAGICC 6.0,-0.0010128,0.0061568
CO2 concentration impulse,2043,MAGICC 6.0,-0.0009792,0.0058685
CO2 concentration impulse,2044,MAGICC 6.0,-0.0009482,0.0056033
CO2 concentration impulse,2045,MAGICC 6.0,-0.0009186,0.0053587
CO2 concentration impulse,2046,MAGICC 6.0,-0.0008918,0.0051324
CO2 concentration impulse,2047,MAGICC 6.0,-0.0008668,0.0049226
CO2 concentration impulse,2048,MAGICC 6.0,-0.0008484,0.0047266
CO2 concentration impulse,2049,MAGICC 6.0,-0.0008176,0.0045458
CO2 concentration impulse,2050,MAGICC 6.0,-0.0007896,0.0043782
CO2 concentration impulse,2051,MAGICC 6.0,-0.0007612,0.0042221
CO2 concentration impulse,2052,MAGICC 6.0,-0.000736,0.0040764
CO2 concentration impulse,2053,MAGICC 6.0,-0.0007104,0.0039399
CO2 concentration impulse,2054,MAGICC 6.0,-0.0006876,0.0038119
CO2 concentration impulse,2055,MAGICC 6.0,-0.0006646,0.0036917
CO2 concentration impulse,2056,MAGICC 6.0,-0.0006438,0.0035787
CO2 concentration impulse,2057,MAGICC 6.0,-0.000623,0.003472
CO2 concentration impulse,2058,MAGICC 6.0,-0.000604,0.0033713
CO2 concentration impulse,2059,MAGICC 6.0,-0.0005852,0.0032762
CO2 concentration impulse,2060,MAGICC 6.0,-0.000568,0.0031862
CO2 concentration impulse,2061,MAGICC 6.0,-0.0005508,0.0031007
CO2 concentration impulse,2062,MAGICC 6.0,-0.0005354,0.0030197
CO2 concentration impulse,2063,MAGICC 6.0,-0.0005194,0.0029427
CO2 concentration impulse,2064,MAGICC 6.0,-0.0005056,0.0028694
CO2 concentration impulse,2065,MAGICC 6.0,-0.000491,0.0027997
CO2 concentration impulse,2066,MAGICC 6.0,-0.0004786,0.0027332
CO2 concentration impulse,2067,MAGICC 6.0,-0.0004648,0.0026698
CO2 concentration impulse,2068,MAGICC 6.0,-0.0004536,0.0026092
CO2 concentration impulse,2069,MAGICC 6.0,-0.000441,0.0025513
CO2 concentration impulse,2070,MAGICC 6.0,-0.0004308,0.0024959
CO2 concentration impulse,2071,MAGICC 6.0,-0.0004194,0.0024427
CO2 concentration impulse,2072,MAGICC 6.0,-0.0004096,0.0023919
CO2 concentration impulse,2073,MAGICC 6.0,-0.0003994,0.002343
CO2 concentration impulse,2074,MAGICC 6.0,-0.0003902,0.0022963
CO2 concentration impulse,2075,MAGICC 6.0,-0.000381,0.0022514
CO2 concentration impulse,2076,MAGICC 6.0,-0.0003722,0.0022083
CO2 concentration impulse,2077,MAGICC 6.0,-0.000364,0.0021669
CO2 concentration impulse,2078,MAGICC 6.0,-0.0003558,0.002127
CO2 concentration impulse,2079,MAGICC 6.0,-0.0003442,0.0020892
CO2 concentration impulse,2080,MAGICC 6.0,-0.0003334,0.002053
CO2 concentration impulse,2081,MAGICC 6.0,-0.0003236,0.0020184
CO2 concentration impulse,2082,MAGICC 6.0,-0.000314,0.001985
CO2 concentration impulse,2083,MAGICC 6.0,-0.0003056,0.0019528
CO2 concentration impulse,2084,MAGICC 6.0,-0.0002972,0.0019216
CO2 concentration impulse,2085,MAGICC 6.0,-0.0002898,0.0018916
CO2 concentration impulse,2086,MAGICC 6.0,-0.0002822,0.0018623
CO2 concentration impulse,2087,MAGICC 6.0,-0.000276,0.001834
CO2 concentration impulse,2088,MAGICC 6.0,-0.0002688,0.0018066
CO2 concentration impulse,2089,MAGICC 6.0,-0.0002636,0.0017799
CO2 concentration impulse,2090,MAGICC 6.0,-0.0002572,0.0017539
CO2 concentration impulse,2091,MAGICC 6.0,-0.0002524,0.0017288
CO2 concentration impulse,2092,MAGICC 6.0,-0.0002464,0.0017043
CO2 concentration impulse,2093,MAGICC 6.0,-0.0002424,0.0016804
CO2 concentration impulse,2094,MAGICC 6.0,-0.0002366,0.0016572
CO2 concentration impulse,2095,MAGICC 6.0,-0.0002332,0.0016346
CO2 concentration impulse,2096,MAGICC 6.0,-0.0002278,0.0016126
CO2 concentration impulse,2097,MAGICC 6.0,-0.0002246,0.0015911
CO2 concentration impulse,2098,MAGICC 6.0,-0.0002196,0.0015702
CO2 concentration impulse,2099,MAGICC 6.0,-0.0002168,0.0015498
CO2 concentration impulse,2100,MAGICC 6.0,-0.0002122,0.0015299
CO2 concentration impulse,2101,MAGICC 6.0,-0.0002094,0.0015105
CO2 concentration impulse,2102,MAGICC 6.0,-0.000205,0.0014915
CO2 concentration impulse,2103,MAGICC 6.0,-0.0002026,0.001473
CO2 concentration impulse,2104,MAGICC 6.0,-0.0001984,0.001455
CO2 concentration impulse,2105,MAGICC 6.0,-0.000196,0.0014374
CO2 concentration impulse,2106,MAGICC 6.0,-0.0001924,0.0014201
CO2 concentration impulse,2107,MAGICC 6.0,-0.0001898,0.0014033
CO2 concentration impulse,2108,MAGICC 6.0,-0.0001864,0.0013869
CO2 concentration impulse,2109,MAGICC 6.0,-0.000184,0.0013708
CO2 concentration impulse,2110,MAGICC 6.0,-0.000181,0.0013551
CO2 concentration impulse,2111,MAGICC 6.0,-0.0001784,0.0013398
CO2 concentration impulse,2112,MAGICC 6.0,-0.0001758,0.0013248
CO2 concentration impulse,2113,MAGICC 6.0,-0.000173,0.0013102
CO2 concentration impulse,2114,MAGICC 6.0,-0.000171,0.0012959
CO2 concentration impulse,2115,MAGICC 6.0,-0.000168,0.0012819
CO2 concentration impulse,2116,MAGICC 6.0,-0.000166,0.0012682
CO2 concentration impulse,2117,MAGICC 6.0,-0.0001632,0.0012548
CO2 concentration impulse,2118,MAGICC 6.0,-0.0001614,0.0012418
CO2 concentration impulse,2119,MAGICC 6.0,-0.0001588,0.0012289
CO2 concentration impulse,2120,MAGICC 6.0,-0.0001568,0.0012164
CO2 concentration impulse,2121,MAGICC 6.0,-0.0001544,0.0012041
CO2 concentration impulse,2122,MAGICC 6.0,-0.0001526,0.001192
CO2 concentration impulse,2123,MAGICC 6.0,-0.00015,0.0011803
CO2 concentration impulse,2124,MAGICC 6.0,-0.0001486,0.0011688
CO2 concentration impulse,2125,MAGICC 6.0,-0.000146,0.0011574
CO2 concentration impulse,2126,MAGICC 6.0,-0.0001446,0.0011464
CO2 concentration impulse,2127,MAGICC 6.0,-0.000142,0.0011355
CO2 concentration impulse,2128,MAGICC 6.0,-0.000141,0.0011249
CO2 concentration impulse,2129,MAGICC 6.0,-0.0001382,0.0011144
CO2 concentration impulse,2130,MAGICC 6.0,-0.0001374,0.0011041
CO2 concentration impulse,2131,MAGICC 6.0,-0.0001346,0.0010941
CO2 concentration impulse,2132,MAGICC 6.0,-0.0001338,0.0010843
CO2 concentration impulse,2133,MAGICC 6.0,-0.000131,0.0010745
CO2 concentration impulse,2134,MAGICC 6.0,-0.0001304,0.001065
CO2 concentration impulse,2135,MAGICC 6.0,-0.0001276,0.0010557
CO2 concentration impulse,2136,MAGICC 6.0,-0.000127,0.0010466
CO2 concentration impulse,2137,MAGICC 6.0,-0.0001246,0.0010376
CO2 concentration impulse,2138,MAGICC 6.0,-0.0001238,0.0010287
CO2 concentration impulse,2139,MAGICC 6.0,-0.0001214,0.0010201
CO2 concentration impulse,2140,MAGICC 6.0,-0.0001206,0.0010115
CO2 concentration impulse,2141,MAGICC 6.0,-0.0001182,0.0010031
CO2 concentration impulse,2142,MAGICC 6.0,-0.0001176,0.0009948
CO2 concentration impulse,2143,MAGICC 6.0,-0.0001154,0.0009867
CO2 concentration impulse,2144,MAGICC 6.0,-0.0001146,0.0009788
CO2 concentration impulse,2145,MAGICC 6.0,-0.0001126,0.000971
CO2 concentration impulse,2146,MAGICC 6.0,-0.0001118,0.0009632
CO2 concentration impulse,2147,MAGICC 6.0,-0.0001098,0.0009556
CO2 concentration impulse,2148,MAGICC 6.0,-0.000109,0.0009482
CO2 concentration impulse,2149,MAGICC 6.0,-0.0001072,0.0009408
CO2 concentration impulse,2150,MAGICC 6.0,-0.0001064,0.0009336
CO2 concentration impulse,2151,MAGICC 6.0,-0.0001044,0.0009264
CO2 concentration impulse,2152,MAGICC 6.0,-0.000104,0.0009194
CO2 concentration impulse,2153,MAGICC 6.0,-0.0001016,0.0009126
CO2 concentration impulse,2154,MAGICC 6.0,-0.0001018,0.0009058
CO2 concentration impulse,2155,MAGICC 6.0,-9.92E-05,0.0008991
CO2 concentration impulse,2156,MAGICC 6.0,-9.92E-05,0.0008925
CO2 concentration impulse,2157,MAGICC 6.0,-9.68E-05,0.000886
CO2 concentration impulse,2158,MAGICC 6.0,-9.68E-05,0.0008796
CO2 concentration impulse,2159,MAGICC 6.0,-9.44E-05,0.0008733
CO2 concentration impulse,2160,MAGICC 6.0,-9.48E-05,0.000867
CO2 concentration impulse,2161,MAGICC 6.0,-9.20E-05,0.0008609
CO2 concentration impulse,2162,MAGICC 6.0,-9.26E-05,0.0008549
CO2 concentration impulse,2163,MAGICC 6.0,-8.98E-05,0.0008489
CO2 concentration impulse,2164,MAGICC 6.0,-9.06E-05,0.0008431
CO2 concentration impulse,2165,MAGICC 6.0,-8.76E-05,0.0008373
CO2 concentration impulse,2166,MAGICC 6.0,-8.86E-05,0.0008315
CO2 concentration impulse,2167,MAGICC 6.0,-8.54E-05,0.0008259
CO2 concentration impulse,2168,MAGICC 6.0,-8.66E-05,0.0008204
CO2 concentration impulse,2169,MAGICC 6.0,-8.34E-05,0.0008149
CO2 concentration impulse,2170,MAGICC 6.0,-8.46E-05,0.0008094
CO2 concentration impulse,2171,MAGICC 6.0,-8.14E-05,0.0008041
CO2 concentration impulse,2172,MAGICC 6.0,-8.28E-05,0.0007989
CO2 concentration impulse,2173,MAGICC 6.0,-7.96E-05,0.0007937
CO2 concentration impulse,2174,MAGICC 6.0,-8.08E-05,0.0007885
CO2 concentration impulse,2175,MAGICC 6.0,-7.78E-05,0.0007834
CO2 concentration impulse,2176,MAGICC 6.0,-7.90E-05,0.0007785
CO2 concentration impulse,2177,MAGICC 6.0,-7.60E-05,0.0007735
CO2 concentration impulse,2178,MAGICC 6.0,-7.72E-05,0.0007687
CO2 concentration impulse,2179,MAGICC 6.0,-7.44E-05,0.0007638
CO2 concentration impulse,2180,MAGICC 6.0,-7.54E-05,0.0007591
CO2 concentration impulse,2181,MAGICC 6.0,-7.28E-05,0.0007544
CO2 concentration impulse,2182,MAGICC 6.0,-7.36E-05,0.0007498
CO2 concentration impulse,2183,MAGICC 6.0,-7.12E-05,0.0007451
CO2 concentration impulse,2184,MAGICC 6.0,-7.20E-05,0.0007407
CO2 concentration impulse,2185,MAGICC 6.0,-6.96E-05,0.0007362
CO2 concentration impulse,2186,MAGICC 6.0,-7.06E-05,0.0007317
CO2 concentration impulse,2187,MAGICC 6.0,-6.80E-05,0.0007274
CO2 concentration impulse,2188,MAGICC 6.0,-6.90E-05,0.0007231
CO2 concentration impulse,2189,MAGICC 6.0,-6.64E-05,0.0007188
CO2 concentration impulse,2190,MAGICC 6.0,-6.76E-05,0.0007146
CO2 concentration impulse,2191,MAGICC 6.0,-6.50E-05,0.0007104
CO2 concentration impulse,2192,MAGICC 6.0,-6.60E-05,0.0007063
CO2 concentration impulse,2193,MAGICC 6.0,-6.36E-05,0.0007023
CO2 concentration impulse,2194,MAGICC 6.0,-6.46E-05,0.0006982
CO2 concentration impulse,2195,MAGICC 6.0,-6.22E-05,0.0006943
CO2 concentration impulse,2196,MAGICC 6.0,-6.32E-05,0.0006903
CO2 concentration impulse,2197,MAGICC 6.0,-6.08E-05,0.0006864
CO2 concentration impulse,2198,MAGICC 6.0,-6.20E-05,0.0006826
CO2 concentration impulse,2199,MAGICC 6.0,-5.94E-05,0.0006788
CO2 concentration impulse,2200,MAGICC 6.0,-6.06E-05,0.000675
CO2 concentration impulse,2201,MAGICC 6.0,-5.84E-05,0.0006713
CO2 concentration impulse,2202,MAGICC 6.0,-5.92E-05,0.0006676
CO2 concentration impulse,2203,MAGICC 6.0,-5.72E-05,0.000664
CO2 concentration impulse,2204,MAGICC 6.0,-5.80E-05,0.0006604
CO2 concentration impulse,2205,MAGICC 6.0,-5.58E-05,0.0006568
CO2 concentration impulse,2206,MAGICC 6.0,-5.68E-05,0.0006532
CO2 concentration impulse,2207,MAGICC 6.0,-5.48E-05,0.0006498
CO2 concentration impulse,2208,MAGICC 6.0,-5.56E-05,0.0006464
CO2 concentration impulse,2209,MAGICC 6.0,-5.36E-05,0.000643
CO2 concentration impulse,2210,MAGICC 6.0,-5.44E-05,0.0006396
CO2 concentration impulse,2211,MAGICC 6.0,-5.26E-05,0.0006362
CO2 concentration impulse,2212,MAGICC 6.0,-5.32E-05,0.0006329
CO2 concentration impulse,2213,MAGICC 6.0,-5.16E-05,0.0006296
CO2 concentration impulse,2214,MAGICC 6.0,-5.22E-05,0.0006264
CO2 concentration impulse,2215,MAGICC 6.0,-5.04E-05,0.0006231
CO2 concentration impulse,2216,MAGICC 6.0,-5.12E-05,0.0006199
CO2 concentration impulse,2217,MAGICC 6.0,-4.92E-05,0.0006168
CO2 concentration impulse,2218,MAGICC 6.0,-5.02E-05,0.0006137
CO2 concentration impulse,2219,MAGICC 6.0,-4.82E-05,0.0006106
CO2 concentration impulse,2220,MAGICC 6.0,-4.92E-05,0.0006076
CO2 concentration impulse,2221,MAGICC 6.0,-4.72E-05,0.0006045
CO2 concentration impulse,2222,MAGICC 6.0,-4.82E-05,0.0006015
CO2 concentration impulse,2223,MAGICC 6.0,-4.64E-05,0.0005986
CO2 concentration impulse,2224,MAGICC 6.0,-4.72E-05,0.0005956
CO2 concentration impulse,2225,MAGICC 6.0,-4.56E-05,0.0005927
CO2 concentration impulse,2226,MAGICC 6.0,-4.62E-05,0.0005898
CO2 concentration impulse,2227,MAGICC 6.0,-4.46E-05,0.000587
CO2 concentration impulse,2228,MAGICC 6.0,-4.54E-05,0.0005841
CO2 concentration impulse,2229,MAGICC 6.0,-4.36E-05,0.0005813
CO2 concentration impulse,2230,MAGICC 6.0,-4.46E-05,0.0005785
CO2 concentration impulse,2231,MAGICC 6.0,-4.26E-05,0.0005757
CO2 concentration impulse,2232,MAGICC 6.0,-4.38E-05,0.000573
CO2 concentration impulse,2233,MAGICC 6.0,-4.18E-05,0.0005703
CO2 concentration impulse,2234,MAGICC 6.0,-4.30E-05,0.0005676
CO2 concentration impulse,2235,MAGICC 6.0,-4.10E-05,0.000565
CO2 concentration impulse,2236,MAGICC 6.0,-4.22E-05,0.0005624
CO2 concentration impulse,2237,MAGICC 6.0,-4.00E-05,0.0005597
CO2 concentration impulse,2238,MAGICC 6.0,-4.14E-05,0.0005572
CO2 concentration impulse,2239,MAGICC 6.0,-3.94E-05,0.0005546
CO2 concentration impulse,2240,MAGICC 6.0,-4.06E-05,0.0005521
CO2 concentration impulse,2241,MAGICC 6.0,-3.86E-05,0.0005495
CO2 concentration impulse,2242,MAGICC 6.0,-3.98E-05,0.0005471
CO2 concentration impulse,2243,MAGICC 6.0,-3.78E-05,0.0005446
CO2 concentration impulse,2244,MAGICC 6.0,-3.90E-05,0.0005422
CO2 concentration impulse,2245,MAGICC 6.0,-3.72E-05,0.0005397
CO2 concentration impulse,2246,MAGICC 6.0,-3.84E-05,0.0005373
CO2 concentration impulse,2247,MAGICC 6.0,-3.64E-05,0.000535
CO2 concentration impulse,2248,MAGICC 6.0,-3.78E-05,0.0005325
CO2 concentration impulse,2249,MAGICC 6.0,-3.56E-05,0.0005302
CO2 concentration impulse,2250,MAGICC 6.0,-3.74E-05,0.0005279
CO2 concentration impulse,2251,MAGICC 6.0,-3.56E-05,0.0005254
CO2 concentration impulse,2252,MAGICC 6.0,-3.74E-05,0.000523
CO2 concentration impulse,2253,MAGICC 6.0,-3.56E-05,0.0005207
CO2 concentration impulse,2254,MAGICC 6.0,-3.74E-05,0.0005183
CO2 concentration impulse,2255,MAGICC 6.0,-3.56E-05,0.0005159
CO2 concentration impulse,2256,MAGICC 6.0,-3.74E-05,0.0005136
CO2 concentration impulse,2257,MAGICC 6.0,-3.56E-05,0.0005113
CO2 concentration impulse,2258,MAGICC 6.0,-3.74E-05,0.000509
CO2 concentration impulse,2259,MAGICC 6.0,-3.56E-05,0.0005066
CO2 concentration impulse,2260,MAGICC 6.0,-3.74E-05,0.0005043
CO2 concentration impulse,2261,MAGICC 6.0,-3.56E-05,0.0005021
CO2 concentration impulse,2262,MAGICC 6.0,-3.74E-05,0.0004999
CO2 concentration impulse,2263,MAGICC 6.0,-3.56E-05,0.0004976
CO2 concentration impulse,2264,MAGICC 6.0,-3.74E-05,0.0004954
CO2 concentration impulse,2265,MAGICC 6.0,-3.56E-05,0.0004932
CO2 concentration impulse,2266,MAGICC 6.0,-3.74E-05,0.0004911
CO2 concentration impulse,2267,MAGICC 6.0,-3.56E-05,0.0004889
CO2 concentration impulse,2268,MAGICC 6.0,-3.74E-05,0.0004867
CO2 concentration impulse,2269,MAGICC 6.0,-3.56E-05,0.0004846
CO2 concentration impulse,2270,MAGICC 6.0,-3.74E-05,0.0004824
CO2 concentration impulse,2271,MAGICC 6.0,-3.56E-05,0.0004803
CO2 concentration impulse,2272,MAGICC 6.0,-3.74E-05,0.0004782
CO2 concentration impulse,2273,MAGICC 6.0,-3.56E-05,0.0004761
CO2 concentration impulse,2274,MAGICC 6.0,-3.74E-05,0.0004741
CO2 concentration impulse,2275,MAGICC 6.0,-3.56E-05,0.0004721
CO2 concentration impulse,2276,MAGICC 6.0,-3.74E-05,0.00047
CO2 concentration impulse,2277,MAGICC 6.0,-3.56E-05,0.000468
CO2 concentration impulse,2278,MAGICC 6.0,-3.74E-05,0.0004661
CO2 concentration impulse,2279,MAGICC 6.0,-3.56E-05,0.000464
CO2 concentration impulse,2280,MAGICC 6.0,-3.74E-05,0.000462
CO2 concentration impulse,2281,MAGICC 6.0,-3.56E-05,0.0004601
CO2 concentration impulse,2282,MAGICC 6.0,-3.74E-05,0.0004582
CO2 concentration impulse,2283,MAGICC 6.0,-3.56E-05,0.0004563
CO2 concentration impulse,2284,MAGICC 6.0,-3.74E-05,0.0004543
CO2 concentration impulse,2285,MAGICC 6.0,-3.56E-05,0.0004524
CO2 concentration impulse,2286,MAGICC 6.0,-3.74E-05,0.0004506
CO2 concentration impulse,2287,MAGICC 6.0,-3.56E-05,0.0004487
CO2 concentration impulse,2288,MAGICC 6.0,-3.74E-05,0.0004468
CO2 concentration impulse,2289,MAGICC 6.0,-3.56E-05,0.0004449
CO2 concentration impulse,2290,MAGICC 6.0,-3.74E-05,0.0004431
CO2 concentration impulse,2291,MAGICC 6.0,-3.56E-05,0.0004413
CO2 concentration impulse,2292,MAGICC 6.0,-3.74E-05,0.0004395
CO2 concentration impulse,2293,MAGICC 6.0,-3.56E-05,0.0004377
CO2 concentration impulse,2294,MAGICC 6.0,-3.74E-05,0.0004359
CO2 concentration impulse,2295,MAGICC 6.0,-3.56E-05,0.0004342
CO2 concentration impulse,2296,MAGICC 6.0,-3.74E-05,0.0004324
CO2 concentration impulse,2297,MAGICC 6.0,-3.56E-05,0.0004307
CO2 concentration impulse,2298,MAGICC 6.0,-3.74E-05,0.0004289
CO2 concentration impulse,2299,MAGICC 6.0,-3.56E-05,0.0004271
CO2 concentration impulse,2300,MAGICC 6.0,-3.74E-05,0.0004255
CO2 concentration impulse,2014,AR5-IR,0,0.00E+00
CO2 concentration impulse,2015,AR5-IR,2.17,0.165281667
CO2 concentration impulse,2016,AR5-IR,0,0.146980967
CO2 concentration impulse,2017,AR5-IR,0,0.130733628
CO2 concentration impulse,2018,AR5-IR,0,0.116309194
CO2 concentration impulse,2019,AR5-IR,0,0.103503072
CO2 concentration impulse,2020,AR5-IR,0,0.092133635
CO2 concentration impulse,2021,AR5-IR,0,0.082039637
CO2 concentration impulse,2022,AR5-IR,0,0.073077933
CO2 concentration impulse,2023,AR5-IR,0,0.065121441
CO2 concentration impulse,2024,AR5-IR,0,0.058057343
CO2 concentration impulse,2025,AR5-IR,0,0.051785483
CO2 concentration impulse,2026,AR5-IR,0,0.046216947
CO2 concentration impulse,2027,AR5-IR,0,0.041272798
CO2 concentration impulse,2028,AR5-IR,0,0.036882961
CO2 concentration impulse,2029,AR5-IR,0,0.032985223
CO2 concentration impulse,2030,AR5-IR,0,0.029524357
CO2 concentration impulse,2031,AR5-IR,0,0.02645133
CO2 concentration impulse,2032,AR5-IR,0,0.023722616
CO2 concentration impulse,2033,AR5-IR,0,0.021299573
CO2 concentration impulse,2034,AR5-IR,0,0.019147894
CO2 concentration impulse,2035,AR5-IR,0,0.017237125
CO2 concentration impulse,2036,AR5-IR,0,0.01554023
CO2 concentration impulse,2037,AR5-IR,0,0.014033204
CO2 concentration impulse,2038,AR5-IR,0,0.012694741
CO2 concentration impulse,2039,AR5-IR,0,0.011505922
CO2 concentration impulse,2040,AR5-IR,0,0.010449955
CO2 concentration impulse,2041,AR5-IR,0,0.009511929
CO2 concentration impulse,2042,AR5-IR,0,0.008678609
CO2 concentration impulse,2043,AR5-IR,0,0.007938245
CO2 concentration impulse,2044,AR5-IR,0,0.007280406
CO2 concentration impulse,2045,AR5-IR,0,0.00669583
CO2 concentration impulse,2046,AR5-IR,0,0.006176296
CO2 concentration impulse,2047,AR5-IR,0,0.005714507
CO2 concentration impulse,2048,AR5-IR,0,0.005303982
CO2 concentration impulse,2049,AR5-IR,0,0.004938968
CO2 concentration impulse,2050,AR5-IR,0,0.004614361
CO2 concentration impulse,2051,AR5-IR,0,0.004325625
CO2 concentration impulse,2052,AR5-IR,0,0.004068736
CO2 concentration impulse,2053,AR5-IR,0,0.003840122
CO2 concentration impulse,2054,AR5-IR,0,0.003636609
CO2 concentration impulse,2055,AR5-IR,0,0.003455383
CO2 concentration impulse,2056,AR5-IR,0,0.003293944
CO2 concentration impulse,2057,AR5-IR,0,0.003150071
CO2 concentration impulse,2058,AR5-IR,0,0.003021795
CO2 concentration impulse,2059,AR5-IR,0,0.002907367
CO2 concentration impulse,2060,AR5-IR,0,0.002805233
CO2 concentration impulse,2061,AR5-IR,0,0.002714015
CO2 concentration impulse,2062,AR5-IR,0,0.00263249
CO2 concentration impulse,2063,AR5-IR,0,0.002559571
CO2 concentration impulse,2064,AR5-IR,0,0.002494292
CO2 concentration impulse,2065,AR5-IR,0,0.002435799
CO2 concentration impulse,2066,AR5-IR,0,0.002383331
CO2 concentration impulse,2067,AR5-IR,0,0.002336213
CO2 concentration impulse,2068,AR5-IR,0,0.002293845
CO2 concentration impulse,2069,AR5-IR,0,0.002255697
CO2 concentration impulse,2070,AR5-IR,0,0.002221295
CO2 concentration impulse,2071,AR5-IR,0,0.00219022
CO2 concentration impulse,2072,AR5-IR,0,0.002162101
CO2 concentration impulse,2073,AR5-IR,0,0.002136607
CO2 concentration impulse,2074,AR5-IR,0,0.002113445
CO2 concentration impulse,2075,AR5-IR,0,0.002092353
CO2 concentration impulse,2076,AR5-IR,0,0.002073102
CO2 concentration impulse,2077,AR5-IR,0,0.002055486
CO2 concentration impulse,2078,AR5-IR,0,0.002039322
CO2 concentration impulse,2079,AR5-IR,0,0.002024449
CO2 concentration impulse,2080,AR5-IR,0,0.002010724
CO2 concentration impulse,2081,AR5-IR,0,0.001998018
CO2 concentration impulse,2082,AR5-IR,0,0.001986219
CO2 concentration impulse,2083,AR5-IR,0,0.001975226
CO2 concentration impulse,2084,AR5-IR,0,0.00196495
CO2 concentration impulse,2085,AR5-IR,0,0.001955311
CO2 concentration impulse,2086,AR5-IR,0,0.00194624
CO2 concentration impulse,2087,AR5-IR,0,0.001937674
CO2 concentration impulse,2088,AR5-IR,0,0.001929557
CO2 concentration impulse,2089,AR5-IR,0,0.001921841
CO2 concentration impulse,2090,AR5-IR,0,0.001914482
CO2 concentration impulse,2091,AR5-IR,0,0.00190744
CO2 concentration impulse,2092,AR5-IR,0,0.001900682
CO2 concentration impulse,2093,AR5-IR,0,0.001894176
CO2 concentration impulse,2094,AR5-IR,0,0.001887896
CO2 concentration impulse,2095,AR5-IR,0,0.001881818
CO2 concentration impulse,2096,AR5-IR,0,0.00187592
CO2 concentration impulse,2097,AR5-IR,0,0.001870184
CO2 concentration impulse,2098,AR5-IR,0,0.001864591
CO2 concentration impulse,2099,AR5-IR,0,0.001859128
CO2 concentration impulse,2100,AR5-IR,0,0.001853781
CO2 concentration impulse,2101,AR5-IR,0,0.001848538
CO2 concentration impulse,2102,AR5-IR,0,0.001843389
CO2 concentration impulse,2103,AR5-IR,0,0.001838325
CO2 concentration impulse,2104,AR5-IR,0,0.001833336
CO2 concentration impulse,2105,AR5-IR,0,0.001828417
CO2 concentration impulse,2106,AR5-IR,0,0.001823559
CO2 concentration impulse,2107,AR5-IR,0,0.001818758
CO2 concentration impulse,2108,AR5-IR,0,0.001814009
CO2 concentration impulse,2109,AR5-IR,0,0.001809306
CO2 concentration impulse,2110,AR5-IR,0,0.001804646
CO2 concentration impulse,2111,AR5-IR,0,0.001800025
CO2 concentration impulse,2112,AR5-IR,0,0.00179544
CO2 concentration impulse,2113,AR5-IR,0,0.001790888
CO2 concentration impulse,2114,AR5-IR,0,0.001786367
CO2 concentration impulse,2115,AR5-IR,0,0.001781874
CO2 concentration impulse,2116,AR5-IR,0,0.001777407
CO2 concentration impulse,2117,AR5-IR,0,0.001772964
CO2 concentration impulse,2118,AR5-IR,0,0.001768544
CO2 concentration impulse,2119,AR5-IR,0,0.001764146
CO2 concentration impulse,2120,AR5-IR,0,0.001759768
CO2 concentration impulse,2121,AR5-IR,0,0.00175541
CO2 concentration impulse,2122,AR5-IR,0,0.001751069
CO2 concentration impulse,2123,AR5-IR,0,0.001746745
CO2 concentration impulse,2124,AR5-IR,0,0.001742438
CO2 concentration impulse,2125,AR5-IR,0,0.001738147
CO2 concentration impulse,2126,AR5-IR,0,0.001733871
CO2 concentration impulse,2127,AR5-IR,0,0.001729609
CO2 concentration impulse,2128,AR5-IR,0,0.001725362
CO2 concentration impulse,2129,AR5-IR,0,0.001721128
CO2 concentration impulse,2130,AR5-IR,0,0.001716907
CO2 concentration impulse,2131,AR5-IR,0,0.001712699
CO2 concentration impulse,2132,AR5-IR,0,0.001708504
CO2 concentration impulse,2133,AR5-IR,0,0.001704321
CO2 concentration impulse,2134,AR5-IR,0,0.00170015
CO2 concentration impulse,2135,AR5-IR,0,0.001695991
CO2 concentration impulse,2136,AR5-IR,0,0.001691843
CO2 concentration impulse,2137,AR5-IR,0,0.001687706
CO2 concentration impulse,2138,AR5-IR,0,0.001683581
CO2 concentration impulse,2139,AR5-IR,0,0.001679467
CO2 concentration impulse,2140,AR5-IR,0,0.001675364
CO2 concentration impulse,2141,AR5-IR,0,0.001671271
CO2 concentration impulse,2142,AR5-IR,0,0.00166719
CO2 concentration impulse,2143,AR5-IR,0,0.001663119
CO2 concentration impulse,2144,AR5-IR,0,0.001659058
CO2 concentration impulse,2145,AR5-IR,0,0.001655008
CO2 concentration impulse,2146,AR5-IR,0,0.001650968
CO2 concentration impulse,2147,AR5-IR,0,0.001646938
CO2 concentration impulse,2148,AR5-IR,0,0.001642918
CO2 concentration impulse,2149,AR5-IR,0,0.001638909
CO2 concentration impulse,2150,AR5-IR,0,0.001634909
CO2 concentration impulse,2151,AR5-IR,0,0.00163092
CO2 concentration impulse,2152,AR5-IR,0,0.00162694
CO2 concentration impulse,2153,AR5-IR,0,0.001622971
CO2 concentration impulse,2154,AR5-IR,0,0.001619011
CO2 concentration impulse,2155,AR5-IR,0,0.001615061
CO2 concentration impulse,2156,AR5-IR,0,0.001611121
CO2 concentration impulse,2157,AR5-IR,0,0.00160719
CO2 concentration impulse,2158,AR5-IR,0,0.001603269
CO2 concentration impulse,2159,AR5-IR,0,0.001599358
CO2 concentration impulse,2160,AR5-IR,0,0.001595457
CO2 concentration impulse,2161,AR5-IR,0,0.001591565
CO2 concentration impulse,2162,AR5-IR,0,0.001587682
CO2 concentration impulse,2163,AR5-IR,0,0.00158381
CO2 concentration impulse,2164,AR5-IR,0,0.001579946
CO2 concentration impulse,2165,AR5-IR,0,0.001576092
CO2 concentration impulse,2166,AR5-IR,0,0.001572248
CO2 concentration impulse,2167,AR5-IR,0,0.001568413
CO2 concentration impulse,2168,AR5-IR,0,0.001564587
CO2 concentration impulse,2169,AR5-IR,0,0.001560771
CO2 concentration impulse,2170,AR5-IR,0,0.001556964
CO2 concentration impulse,2171,AR5-IR,0,0.001553166
CO2 concentration impulse,2172,AR5-IR,0,0.001549378
CO2 concentration impulse,2173,AR5-IR,0,0.001545599
CO2 concentration impulse,2174,AR5-IR,0,0.001541829
CO2 concentration impulse,2175,AR5-IR,0,0.001538068
CO2 concentration impulse,2176,AR5-IR,0,0.001534317
CO2 concentration impulse,2177,AR5-IR,0,0.001530575
CO2 concentration impulse,2178,AR5-IR,0,0.001526841
CO2 concentration impulse,2179,AR5-IR,0,0.001523117
CO2 concentration impulse,2180,AR5-IR,0,0.001519402
CO2 concentration impulse,2181,AR5-IR,0,0.001515696
CO2 concentration impulse,2182,AR5-IR,0,0.001512
CO2 concentration impulse,2183,AR5-IR,0,0.001508312
CO2 concentration impulse,2184,AR5-IR,0,0.001504633
CO2 concentration impulse,2185,AR5-IR,0,0.001500963
CO2 concentration impulse,2186,AR5-IR,0,0.001497302
CO2 concentration impulse,2187,AR5-IR,0,0.00149365
CO2 concentration impulse,2188,AR5-IR,0,0.001490007
CO2 concentration impulse,2189,AR5-IR,0,0.001486373
CO2 concentration impulse,2190,AR5-IR,0,0.001482748
CO2 concentration impulse,2191,AR5-IR,0,0.001479131
CO2 concentration impulse,2192,AR5-IR,0,0.001475523
CO2 concentration impulse,2193,AR5-IR,0,0.001471925
CO2 concentration impulse,2194,AR5-IR,0,0.001468335
CO2 concentration impulse,2195,AR5-IR,0,0.001464753
CO2 concentration impulse,2196,AR5-IR,0,0.001461181
CO2 concentration impulse,2197,AR5-IR,0,0.001457617
CO2 concentration impulse,2198,AR5-IR,0,0.001454062
CO2 concentration impulse,2199,AR5-IR,0,0.001450515
CO2 concentration impulse,2200,AR5-IR,0,0.001446977
CO2 concentration impulse,2201,AR5-IR,0,0.001443448
CO2 concentration impulse,2202,AR5-IR,0,0.001439927
CO2 concentration impulse,2203,AR5-IR,0,0.001436415
CO2 concentration impulse,2204,AR5-IR,0,0.001432912
CO2 concentration impulse,2205,AR5-IR,0,0.001429417
CO2 concentration impulse,2206,AR5-IR,0,0.001425931
CO2 concentration impulse,2207,AR5-IR,0,0.001422453
CO2 concentration impulse,2208,AR5-IR,0,0.001418983
CO2 concentration impulse,2209,AR5-IR,0,0.001415522
CO2 concentration impulse,2210,AR5-IR,0,0.00141207
CO2 concentration impulse,2211,AR5-IR,0,0.001408626
CO2 concentration impulse,2212,AR5-IR,0,0.00140519
CO2 concentration impulse,2213,AR5-IR,0,0.001401763
CO2 concentration impulse,2214,AR5-IR,0,0.001398344
CO2 concentration impulse,2215,AR5-IR,0,0.001394933
CO2 concentration impulse,2216,AR5-IR,0,0.001391531
CO2 concentration impulse,2217,AR5-IR,0,0.001388137
CO2 concentration impulse,2218,AR5-IR,0,0.001384751
CO2 concentration impulse,2219,AR5-IR,0,0.001381374
CO2 concentration impulse,2220,AR5-IR,0,0.001378005
CO2 concentration impulse,2221,AR5-IR,0,0.001374644
CO2 concentration impulse,2222,AR5-IR,0,0.001371291
CO2 concentration impulse,2223,AR5-IR,0,0.001367946
CO2 concentration impulse,2224,AR5-IR,0,0.00136461
CO2 concentration impulse,2225,AR5-IR,0,0.001361282
CO2 concentration impulse,2226,AR5-IR,0,0.001357961
CO2 concentration impulse,2227,AR5-IR,0,0.001354649
CO2 concentration impulse,2228,AR5-IR,0,0.001351345
CO2 concentration impulse,2229,AR5-IR,0,0.001348049
CO2 concentration impulse,2230,AR5-IR,0,0.001344761
CO2 concentration impulse,2231,AR5-IR,0,0.001341482
CO2 concentration impulse,2232,AR5-IR,0,0.00133821
CO2 concentration impulse,2233,AR5-IR,0,0.001334946
CO2 concentration impulse,2234,AR5-IR,0,0.00133169
CO2 concentration impulse,2235,AR5-IR,0,0.001328442
CO2 concentration impulse,2236,AR5-IR,0,0.001325202
CO2 concentration impulse,2237,AR5-IR,0,0.001321969
CO2 concentration impulse,2238,AR5-IR,0,0.001318745
CO2 concentration impulse,2239,AR5-IR,0,0.001315529
CO2 concentration impulse,2240,AR5-IR,0,0.00131232
CO2 concentration impulse,2241,AR5-IR,0,0.001309119
CO2 concentration impulse,2242,AR5-IR,0,0.001305926
CO2 concentration impulse,2243,AR5-IR,0,0.001302741
CO2 concentration impulse,2244,AR5-IR,0,0.001299564
CO2 concentration impulse,2245,AR5-IR,0,0.001296394
CO2 concentration impulse,2246,AR5-IR,0,0.001293232
CO2 concentration impulse,2247,AR5-IR,0,0.001290078
CO2 concentration impulse,2248,AR5-IR,0,0.001286931
CO2 concentration impulse,2249,AR5-IR,0,0.001283793
CO2 concentration impulse,2250,AR5-IR,0,0.001280661
CO2 concentration impulse,2251,AR5-IR,0,0.001277538
CO2 concentration impulse,2252,AR5-IR,0,0.001274422
CO2 concentration impulse,2253,AR5-IR,0,0.001271313
CO2 concentration impulse,2254,AR5-IR,0,0.001268213
CO2 concentration impulse,2255,AR5-IR,0,0.00126512
CO2 concentration impulse,2256,AR5-IR,0,0.001262034
CO2 concentration impulse,2257,AR5-IR,0,0.001258956
CO2 concentration impulse,2258,AR5-IR,0,0.001255885
CO2 concentration impulse,2259,AR5-IR,0,0.001252822
CO2 concentration impulse,2260,AR5-IR,0,0.001249766
CO2 concentration impulse,2261,AR5-IR,0,0.001246718
CO2 concentration impulse,2262,AR5-IR,0,0.001243677
CO2 concentration impulse,2263,AR5-IR,0,0.001240644
CO2 concentration impulse,2264,AR5-IR,0,0.001237618
CO2 concentration impulse,2265,AR5-IR,0,0.001234599
CO2 concentration impulse,2266,AR5-IR,0,0.001231588
CO2 concentration impulse,2267,AR5-IR,0,0.001228584
CO2 concentration impulse,2268,AR5-IR,0,0.001225588
CO2 concentration impulse,2269,AR5-IR,0,0.001222599
CO2 concentration impulse,2270,AR5-IR,0,0.001219617
CO2 concentration impulse,2271,AR5-IR,0,0.001216642
CO2 concentration impulse,2272,AR5-IR,0,0.001213675
CO2 concentration impulse,2273,AR5-IR,0,0.001210714
CO2 concentration impulse,2274,AR5-IR,0,0.001207761
CO2 concentration impulse,2275,AR5-IR,0,0.001204816
CO2 concentration impulse,2276,AR5-IR,0,0.001201877
CO2 concentration impulse,2277,AR5-IR,0,0.001198946
CO2 concentration impulse,2278,AR5-IR,0,0.001196021
CO2 concentration impulse,2279,AR5-IR,0,0.001193104
CO2 concentration impulse,2280,AR5-IR,0,0.001190194
CO2 concentration impulse,2281,AR5-IR,0,0.001187291
CO2 concentration impulse,2282,AR5-IR,0,0.001184396
CO2 concentration impulse,2283,AR5-IR,0,0.001181507
CO2 concentration impulse,2284,AR5-IR,0,0.001178625
CO2 concentration impulse,2285,AR5-IR,0,0.00117575
CO2 concentration impulse,2286,AR5-IR,0,0.001172883
CO2 concentration impulse,2287,AR5-IR,0,0.001170022
CO2 concentration impulse,2288,AR5-IR,0,0.001167168
CO2 concentration impulse,2289,AR5-IR,0,0.001164322
CO2 concentration impulse,2290,AR5-IR,0,0.001161482
CO2 concentration impulse,2291,AR5-IR,0,0.001158649
CO2 concentration impulse,2292,AR5-IR,0,0.001155823
CO2 concentration impulse,2293,AR5-IR,0,0.001153004
CO2 concentration impulse,2294,AR5-IR,0,0.001150192
CO2 concentration impulse,2295,AR5-IR,0,0.001147386
CO2 concentration impulse,2296,AR5-IR,0,0.001144588
CO2 concentration impulse,2297,AR5-IR,0,0.001141796
CO2 concentration impulse,2298,AR5-IR,0,0.001139011
CO2 concentration impulse,2299,AR5-IR,0,0.001136233
CO2 concentration impulse,2300,AR5-IR,0,0.001133462
CO2 concentration impulse,2301,AR5-IR,0,0.001130697
CO2 concentration impulse,2302,AR5-IR,0,0.001127939
CO2 concentration impulse,2303,AR5-IR,0,0.001125188
CO2 concentration impulse,2304,AR5-IR,0,0.001122444
CO2 concentration impulse,2305,AR5-IR,0,0.001119706
CO2 concentration impulse,2306,AR5-IR,0,0.001116975
CO2 concentration impulse,2307,AR5-IR,0,0.001114251
CO2 concentration impulse,2308,AR5-IR,0,0.001111533
CO2 concentration impulse,2309,AR5-IR,0,0.001108822
CO2 concentration impulse,2310,AR5-IR,0,0.001106118
CO2 concentration impulse,2311,AR5-IR,0,0.00110342
CO2 concentration impulse,2312,AR5-IR,0,0.001100729
CO2 concentration impulse,2313,AR5-IR,0,0.001098044
CO2 concentration impulse,2314,AR5-IR,0,0.001095366
CO2 concentration impulse,2010,FAIR,0,0
CO2 concentration impulse,2011,FAIR,0,0
CO2 concentration impulse,2012,FAIR,0,0
CO2 concentration impulse,2013,FAIR,0,0
CO2 concentration impulse,2014,FAIR,0,0
CO2 concentration impulse,2015,FAIR,2.17,0
CO2 concentration impulse,2016,FAIR,0,0.195
CO2 concentration impulse,2017,FAIR,0,0.153
CO2 concentration impulse,2018,FAIR,0,0.121
CO2 concentration impulse,2019,FAIR,0,0.0952
CO2 concentration impulse,2020,FAIR,0,0.0752
CO2 concentration impulse,2021,FAIR,0,0.0595
CO2 concentration impulse,2022,FAIR,0,0.0473
CO2 concentration impulse,2023,FAIR,0,0.0376
CO2 concentration impulse,2024,FAIR,0,0.0301
CO2 concentration impulse,2025,FAIR,0,0.0242
CO2 concentration impulse,2026,FAIR,0,0.0196
CO2 concentration impulse,2027,FAIR,0,0.0159
CO2 concentration impulse,2028,FAIR,0,0.0131
CO2 concentration impulse,2029,FAIR,0,0.0109
CO2 concentration impulse,2030,FAIR,0,0.0091
CO2 concentration impulse,2031,FAIR,0,0.00772
CO2 concentration impulse,2032,FAIR,0,0.00664
CO2 concentration impulse,2033,FAIR,0,0.00579
CO2 concentration impulse,2034,FAIR,0,0.00513
CO2 concentration impulse,2035,FAIR,0,0.0046
CO2 concentration impulse,2036,FAIR,0,0.00419
CO2 concentration impulse,2037,FAIR,0,0.00386
CO2 concentration impulse,2038,FAIR,0,0.0036
CO2 concentration impulse,2039,FAIR,0,0.00339
CO2 concentration impulse,2040,FAIR,0,0.00323
CO2 concentration impulse,2041,FAIR,0,0.0031
CO2 concentration impulse,2042,FAIR,0,0.003
CO2 concentration impulse,2043,FAIR,0,0.00291
CO2 concentration impulse,2044,FAIR,0,0.00284
CO2 concentration impulse,2045,FAIR,0,0.00279
CO2 concentration impulse,2046,FAIR,0,0.00274
CO2 concentration impulse,2047,FAIR,0,0.0027
CO2 concentration impulse,2048,FAIR,0,0.00267
CO2 concentration impulse,2049,FAIR,0,0.00264
CO2 concentration impulse,2050,FAIR,0,0.00262
CO2 concentration impulse,2051,FAIR,0,0.0026
CO2 concentration impulse,2052,FAIR,0,0.00258
CO2 concentration impulse,2053,FAIR,0,0.00256
CO2 concentration impulse,2054,FAIR,0,0.00255
CO2 concentration impulse,2055,FAIR,0,0.00253
CO2 concentration impulse,2056,FAIR,0,0.00252
CO2 concentration impulse,2057,FAIR,0,0.00251
CO2 concentration impulse,2058,FAIR,0,0.00249
CO2 concentration impulse,2059,FAIR,0,0.00248
CO2 concentration impulse,2060,FAIR,0,0.00247
CO2 concentration impulse,2061,FAIR,0,0.00246
CO2 concentration impulse,2062,FAIR,0,0.00245
CO2 concentration impulse,2063,FAIR,0,0.00244
CO2 concentration impulse,2064,FAIR,0,0.00243
CO2 concentration impulse,2065,FAIR,0,0.00242
CO2 concentration impulse,2066,FAIR,0,0.00241
CO2 concentration impulse,2067,FAIR,0,0.0024
CO2 concentration impulse,2068,FAIR,0,0.00239
CO2 concentration impulse,2069,FAIR,0,0.00237
CO2 concentration impulse,2070,FAIR,0,0.00236
CO2 concentration impulse,2071,FAIR,0,0.00235
CO2 concentration impulse,2072,FAIR,0,0.00235
CO2 concentration impulse,2073,FAIR,0,0.00234
CO2 concentration impulse,2074,FAIR,0,0.00233
CO2 concentration impulse,2075,FAIR,0,0.00232
CO2 concentration impulse,2076,FAIR,0,0.00231
CO2 concentration impulse,2077,FAIR,0,0.0023
CO2 concentration impulse,2078,FAIR,0,0.00229
CO2 concentration impulse,2079,FAIR,0,0.00228
CO2 concentration impulse,2080,FAIR,0,0.00227
CO2 concentration impulse,2081,FAIR,0,0.00226
CO2 concentration impulse,2082,FAIR,0,0.00225
CO2 concentration impulse,2083,FAIR,0,0.00224
CO2 concentration impulse,2084,FAIR,0,0.00223
CO2 concentration impulse,2085,FAIR,0,0.00222
CO2 concentration impulse,2086,FAIR,0,0.00221
CO2 concentration impulse,2087,FAIR,0,0.0022
CO2 concentration impulse,2088,FAIR,0,0.00219
CO2 concentration impulse,2089,FAIR,0,0.00218
CO2 concentration impulse,2090,FAIR,0,0.00217
CO2 concentration impulse,2091,FAIR,0,0.00217
CO2 concentration impulse,2092,FAIR,0,0.00216
CO2 concentration impulse,2093,FAIR,0,0.00215
CO2 concentration impulse,2094,FAIR,0,0.00214
CO2 concentration impulse,2095,FAIR,0,0.00213
CO2 concentration impulse,2096,FAIR,0,0.00212
CO2 concentration impulse,2097,FAIR,0,0.00211
CO2 concentration impulse,2098,FAIR,0,0.0021
CO2 concentration impulse,2099,FAIR,0,0.00209
CO2 concentration impulse,2100,FAIR,0,0.00209
CO2 concentration impulse,2101,FAIR,0,0.00208
CO2 concentration impulse,2102,FAIR,0,0.00207
CO2 concentration impulse,2103,FAIR,0,0.00206
CO2 concentration impulse,2104,FAIR,0,0.00205
CO2 concentration impulse,2105,FAIR,0,0.00204
CO2 concentration impulse,2106,FAIR,0,0.00203
CO2 concentration impulse,2107,FAIR,0,0.00203
CO2 concentration impulse,2108,FAIR,0,0.00202
CO2 concentration impulse,2109,FAIR,0,0.00201
CO2 concentration impulse,2110,FAIR,0,0.002
CO2 concentration impulse,2111,FAIR,0,0.00199
CO2 concentration impulse,2112,FAIR,0,0.00198
CO2 concentration impulse,2113,FAIR,0,0.00198
CO2 concentration impulse,2114,FAIR,0,0.00197
CO2 concentration impulse,2115,FAIR,0,0.00196
CO2 concentration impulse,2116,FAIR,0,0.00195
CO2 concentration impulse,2117,FAIR,0,0.00194
CO2 concentration impulse,2118,FAIR,0,0.00193
CO2 concentration impulse,2119,FAIR,0,0.00193
CO2 concentration impulse,2120,FAIR,0,0.00192
CO2 concentration impulse,2121,FAIR,0,0.00191
CO2 concentration impulse,2122,FAIR,0,0.0019
CO2 concentration impulse,2123,FAIR,0,0.00189
CO2 concentration impulse,2124,FAIR,0,0.00189
CO2 concentration impulse,2125,FAIR,0,0.00188
CO2 concentration impulse,2126,FAIR,0,0.00187
CO2 concentration impulse,2127,FAIR,0,0.00186
CO2 concentration impulse,2128,FAIR,0,0.00186
CO2 concentration impulse,2129,FAIR,0,0.00185
CO2 concentration impulse,2130,FAIR,0,0.00184
CO2 concentration impulse,2131,FAIR,0,0.00183
CO2 concentration impulse,2132,FAIR,0,0.00182
CO2 concentration impulse,2133,FAIR,0,0.00182
CO2 concentration impulse,2134,FAIR,0,0.00181
CO2 concentration impulse,2135,FAIR,0,0.0018
CO2 concentration impulse,2136,FAIR,0,0.00179
CO2 concentration impulse,2137,FAIR,0,0.00179
CO2 concentration impulse,2138,FAIR,0,0.00178
CO2 concentration impulse,2139,FAIR,0,0.00177
CO2 concentration impulse,2140,FAIR,0,0.00176
CO2 concentration impulse,2141,FAIR,0,0.00176
CO2 concentration impulse,2142,FAIR,0,0.00175
CO2 concentration impulse,2143,FAIR,0,0.00174
CO2 concentration impulse,2144,FAIR,0,0.00173
CO2 concentration impulse,2145,FAIR,0,0.00173
CO2 concentration impulse,2146,FAIR,0,0.00172
CO2 concentration impulse,2147,FAIR,0,0.00171
CO2 concentration impulse,2148,FAIR,0,0.00171
CO2 concentration impulse,2149,FAIR,0,0.0017
CO2 concentration impulse,2150,FAIR,0,0.00169
CO2 concentration impulse,2151,FAIR,0,0.00168
CO2 concentration impulse,2152,FAIR,0,0.00168
CO2 concentration impulse,2153,FAIR,0,0.00167
CO2 concentration impulse,2154,FAIR,0,0.00166
CO2 concentration impulse,2155,FAIR,0,0.00166
CO2 concentration impulse,2156,FAIR,0,0.00165
CO2 concentration impulse,2157,FAIR,0,0.00164
CO2 concentration impulse,2158,FAIR,0,0.00164
CO2 concentration impulse,2159,FAIR,0,0.00163
CO2 concentration impulse,2160,FAIR,0,0.00162
CO2 concentration impulse,2161,FAIR,0,0.00162
CO2 concentration impulse,2162,FAIR,0,0.00161
CO2 concentration impulse,2163,FAIR,0,0.0016
CO2 concentration impulse,2164,FAIR,0,0.0016
CO2 concentration impulse,2165,FAIR,0,0.00159
CO2 concentration impulse,2166,FAIR,0,0.00158
CO2 concentration impulse,2167,FAIR,0,0.00158
CO2 concentration impulse,2168,FAIR,0,0.00157
CO2 concentration impulse,2169,FAIR,0,0.00156
CO2 concentration impulse,2170,FAIR,0,0.00156
CO2 concentration impulse,2171,FAIR,0,0.00155
CO2 concentration impulse,2172,FAIR,0,0.00154
CO2 concentration impulse,2173,FAIR,0,0.00154
CO2 concentration impulse,2174,FAIR,0,0.00153
CO2 concentration impulse,2175,FAIR,0,0.00152
CO2 concentration impulse,2176,FAIR,0,0.00152
CO2 concentration impulse,2177,FAIR,0,0.00151
CO2 concentration impulse,2178,FAIR,0,0.0015
CO2 concentration impulse,2179,FAIR,0,0.0015
CO2 concentration impulse,2180,FAIR,0,0.00149
CO2 concentration impulse,2181,FAIR,0,0.00149
CO2 concentration impulse,2182,FAIR,0,0.00148
CO2 concentration impulse,2183,FAIR,0,0.00147
CO2 concentration impulse,2184,FAIR,0,0.00147
CO2 concentration impulse,2185,FAIR,0,0.00146
CO2 concentration impulse,2186,FAIR,0,0.00146
CO2 concentration impulse,2187,FAIR,0,0.00145
CO2 concentration impulse,2188,FAIR,0,0.00144
CO2 concentration impulse,2189,FAIR,0,0.00144
CO2 concentration impulse,2190,FAIR,0,0.00143
CO2 concentration impulse,2191,FAIR,0,0.00143
CO2 concentration impulse,2192,FAIR,0,0.00142
CO2 concentration impulse,2193,FAIR,0,0.00141
CO2 concentration impulse,2194,FAIR,0,0.00141
CO2 concentration impulse,2195,FAIR,0,0.0014
CO2 concentration impulse,2196,FAIR,0,0.0014
CO2 concentration impulse,2197,FAIR,0,0.00139
CO2 concentration impulse,2198,FAIR,0,0.00138
CO2 concentration impulse,2199,FAIR,0,0.00138
CO2 concentration impulse,2200,FAIR,0,0.00137
CO2 concentration impulse,2201,FAIR,0,0.00137
CO2 concentration impulse,2202,FAIR,0,0.00136
CO2 concentration impulse,2203,FAIR,0,0.00136
CO2 concentration impulse,2204,FAIR,0,0.00135
CO2 concentration impulse,2205,FAIR,0,0.00134
CO2 concentration impulse,2206,FAIR,0,0.00134
CO2 concentration impulse,2207,FAIR,0,0.00133
CO2 concentration impulse,2208,FAIR,0,0.00133
CO2 concentration impulse,2209,FAIR,0,0.00132
CO2 concentration impulse,2210,FAIR,0,0.00132
CO2 concentration impulse,2211,FAIR,0,0.00131
CO2 concentration impulse,2212,FAIR,0,0.00131
CO2 concentration impulse,2213,FAIR,0,0.0013
CO2 concentration impulse,2214,FAIR,0,0.00129
CO2 concentration impulse,2215,FAIR,0,0.00129
CO2 concentration impulse,2216,FAIR,0,0.00128
CO2 concentration impulse,2217,FAIR,0,0.00128
CO2 concentration impulse,2218,FAIR,0,0.00127
CO2 concentration impulse,2219,FAIR,0,0.00127
CO2 concentration impulse,2220,FAIR,0,0.00126
CO2 concentration impulse,2221,FAIR,0,0.00126
CO2 concentration impulse,2222,FAIR,0,0.00125
CO2 concentration impulse,2223,FAIR,0,0.00125
CO2 concentration impulse,2224,FAIR,0,0.00124
CO2 concentration impulse,2225,FAIR,0,0.00124
CO2 concentration impulse,2226,FAIR,0,0.00123
CO2 concentration impulse,2227,FAIR,0,0.00123
CO2 concentration impulse,2228,FAIR,0,0.00122
CO2 concentration impulse,2229,FAIR,0,0.00122
CO2 concentration impulse,2230,FAIR,0,0.00121
CO2 concentration impulse,2231,FAIR,0,0.00121
CO2 concentration impulse,2232,FAIR,0,0.0012
CO2 concentration impulse,2233,FAIR,0,0.0012
CO2 concentration impulse,2234,FAIR,0,0.00119
CO2 concentration impulse,2235,FAIR,0,0.00119
CO2 concentration impulse,2236,FAIR,0,0.00118
CO2 concentration impulse,2237,FAIR,0,0.00118
CO2 concentration impulse,2238,FAIR,0,0.00117
CO2 concentration impulse,2239,FAIR,0,0.00117
CO2 concentration impulse,2240,FAIR,0,0.00116
CO2 concentration impulse,2241,FAIR,0,0.00116
CO2 concentration impulse,2242,FAIR,0,0.00115
CO2 concentration impulse,2243,FAIR,0,0.00115
CO2 concentration impulse,2244,FAIR,0,0.00114
CO2 concentration impulse,2245,FAIR,0,0.00114
CO2 concentration impulse,2246,FAIR,0,0.00113
CO2 concentration impulse,2247,FAIR,0,0.00113
CO2 concentration impulse,2248,FAIR,0,0.00112
CO2 concentration impulse,2249,FAIR,0,0.00112
CO2 concentration impulse,2250,FAIR,0,0.00111
CO2 concentration impulse,2251,FAIR,0,0.00111
CO2 concentration impulse,2252,FAIR,0,0.0011
CO2 concentration impulse,2253,FAIR,0,0.0011
CO2 concentration impulse,2254,FAIR,0,0.00109
CO2 concentration impulse,2255,FAIR,0,0.00109
CO2 concentration impulse,2256,FAIR,0,0.00109
CO2 concentration impulse,2257,FAIR,0,0.00108
CO2 concentration impulse,2258,FAIR,0,0.00108
CO2 concentration impulse,2259,FAIR,0,0.00107
CO2 concentration impulse,2260,FAIR,0,0.00107
CO2 concentration impulse,2261,FAIR,0,0.00106
CO2 concentration impulse,2262,FAIR,0,0.00106
CO2 concentration impulse,2263,FAIR,0,0.00105
CO2 concentration impulse,2264,FAIR,0,0.00105
CO2 concentration impulse,2265,FAIR,0,0.00105
CO2 concentration impulse,2266,FAIR,0,0.00104
CO2 concentration impulse,2267,FAIR,0,0.00104
CO2 concentration impulse,2268,FAIR,0,0.00103
CO2 concentration impulse,2269,FAIR,0,0.00103
CO2 concentration impulse,2270,FAIR,0,0.00102
CO2 concentration impulse,2271,FAIR,0,0.00102
CO2 concentration impulse,2272,FAIR,0,0.00102
CO2 concentration impulse,2273,FAIR,0,0.00101
CO2 concentration impulse,2274,FAIR,0,0.00101
CO2 concentration impulse,2275,FAIR,0,0.001
CO2 concentration impulse,2276,FAIR,0,0.000999
CO2 concentration impulse,2277,FAIR,0,0.000995
CO2 concentration impulse,2278,FAIR,0,0.00099
CO2 concentration impulse,2279,FAIR,0,0.000986
CO2 concentration impulse,2280,FAIR,0,0.000982
CO2 concentration impulse,2281,FAIR,0,0.000978
CO2 concentration impulse,2282,FAIR,0,0.000974
CO2 concentration impulse,2283,FAIR,0,0.00097
CO2 concentration impulse,2284,FAIR,0,0.000966
CO2 concentration impulse,2285,FAIR,0,0.000962
CO2 concentration impulse,2286,FAIR,0,0.000958
CO2 concentration impulse,2287,FAIR,0,0.000954
CO2 concentration impulse,2288,FAIR,0,0.00095
CO2 concentration impulse,2289,FAIR,0,0.000946
CO2 concentration impulse,2290,FAIR,0,0.000942
CO2 concentration impulse,2291,FAIR,0,0.000938
CO2 concentration impulse,2292,FAIR,0,0.000934
CO2 concentration impulse,2293,FAIR,0,0.00093
CO2 concentration impulse,2294,FAIR,0,0.000926
CO2 concentration impulse,2295,FAIR,0,0.000922
CO2 concentration impulse,2296,FAIR,0,0.000919
CO2 concentration impulse,2297,FAIR,0,0.000915
CO2 concentration impulse,2298,FAIR,0,0.000911
CO2 concentration impulse,2299,FAIR,0,0.000907
CO2 concentration impulse,2300,FAIR,0,0.000903
